donor	protocol	length	hap
donor_01	3D	114	1
donor_01	3D	111	1
donor_01	3D	110	2
donor_01	3D	111	2
donor_01	3D	112	2
donor_01	3D	110	1
donor_01	3D	113	2
donor_01	3D	113	2
donor_01	3D	118	1
donor_01	3D	112	2
donor_01	3D	110	2
donor_01	3D	105	2
donor_01	3D	114	2
donor_01	3D	109	2
donor_01	3D	109	2
donor_01	3D	117	1
donor_01	3D	110	2
donor_01	3D	107	1
donor_01	3D	111	2
donor_01	3D	108	1
donor_01	3D	114	1
donor_01	3D	115	1
donor_01	3R	120	1
donor_01	3R	116	2
donor_01	3R	113	1
donor_01	3R	113	2
donor_01	3R	108	2
donor_01	3R	111	1
donor_01	3R	111	2
donor_01	3R	107	1
donor_01	3R	112	2
donor_01	3R	111	1
donor_01	3R	110	2
donor_01	3R	108	1
donor_01	3R	110	1
donor_01	3R	113	2
donor_01	3R	117	1
donor_01	3R	111	1
donor_01	3R	114	1
donor_01	3R	118	2
donor_01	3R	103	2
donor_01	3R	113	1
donor_01	3R	110	1
donor_01	3R	117	2
donor_01	3R	112	1
donor_01	3R	108	1
donor_01	3F	106	2
donor_01	3F	111	2
donor_01	3F	115	1
donor_01	3F	115	1
donor_01	3F	117	2
donor_01	3F	116	1
donor_01	3F	110	1
donor_01	3F	110	2
donor_01	3F	109	1
donor_01	3F	109	1
donor_01	3F	120	2
donor_01	3F	115	2
donor_01	3F	108	2
donor_01	3F	111	2
donor_01	3F	104	2
donor_01	3F	108	2
donor_01	3F	115	1
donor_01	3F	116	1
donor_01	3F	110	2
donor_01	3F	117	2
donor_01	3F	114	2
donor_01	3F	111	2
donor_01	3F	114	1
donor_01	3F	110	2
donor_01	3F	114	2
donor_01	3AA	114	1
donor_01	3AA	110	2
donor_01	3AA	110	1
donor_01	3AA	112	2
donor_01	3AA	112	1
donor_01	3AA	114	1
donor_01	3AA	113	1
donor_01	3AA	107	2
donor_01	3AA	110	2
donor_01	3AA	109	1
donor_01	3AA	114	2
donor_01	3AA	115	1
donor_01	3AA	109	2
donor_01	3AA	107	1
donor_01	3AA	109	2
donor_01	3AA	113	2
donor_01	3AA	109	1
donor_01	3AA	116	2
donor_01	3AA	115	2
donor_01	3AA	112	2
donor_01	3AA	116	2
donor_01	3AA	121	2
donor_01	3AA	115	1
donor_01	3AA	109	2
donor_01	3AA	112	2
donor_01	3AA	112	2
donor_01	3AA	110	1
donor_01	3AA	111	1
donor_01	3AA	112	2
donor_01	3AA	117	2
donor_01	3AA	110	1
donor_01	3AA	114	1
donor_01	3AA	112	1
donor_01	3AA	108	1
donor_01	3AA	112	1
donor_01	3AA	112	2
donor_01	3AA	111	2
donor_01	3AA	112	2
donor_01	3AA	112	2
donor_01	3AN	116	2
donor_01	3AN	111	2
donor_01	3AN	113	2
donor_01	3AN	114	1
donor_01	3AN	107	2
donor_01	3AN	116	1
donor_01	3AN	115	1
donor_01	3AN	118	2
donor_01	3AN	117	2
donor_01	3AN	116	2
donor_01	3AN	114	1
donor_01	3AN	109	1
donor_01	3AN	111	1
donor_01	3AN	115	1
donor_01	3AN	107	2
donor_01	3AN	114	1
donor_01	3AN	110	2
donor_01	3AN	114	2
donor_01	3AN	113	2
donor_01	3AN	117	1
donor_01	3AN	115	1
donor_01	3AN	114	1
donor_01	3AN	109	2
donor_01	3AN	115	2
donor_01	3AN	112	2
donor_01	3G	111	1
donor_01	3G	110	1
donor_01	3G	110	1
donor_01	3G	109	1
donor_01	3G	110	1
donor_01	3G	110	1
donor_01	3G	118	1
donor_01	3G	102	2
donor_01	3G	109	1
donor_01	3G	118	2
donor_01	3G	111	1
donor_01	3G	113	2
donor_01	3G	110	2
donor_01	3G	115	2
donor_01	3G	117	2
donor_01	3G	115	1
donor_01	3G	115	2
donor_01	3G	116	2
donor_01	3G	115	1
donor_01	3G	115	2
donor_01	3G	113	2
donor_01	3G	108	2
donor_01	3G	111	1
donor_01	3G	106	1
donor_01	3G	108	1
donor_01	3G	112	2
donor_01	3G	114	2
donor_01	3G	114	1
donor_01	3C	115	2
donor_01	3C	107	1
donor_01	3C	115	2
donor_01	3C	115	2
donor_01	3C	113	1
donor_01	3C	110	1
donor_01	3C	114	1
donor_01	3C	113	1
donor_01	3C	107	1
donor_01	3C	112	1
donor_01	3C	113	2
donor_01	3C	111	1
donor_01	3C	110	2
donor_01	3C	112	1
donor_01	3C	113	1
donor_01	3C	108	1
donor_01	3C	114	1
donor_01	3C	114	2
donor_01	3C	113	1
donor_01	3C	109	2
donor_01	3C	115	2
donor_01	3C	109	2
donor_01	3C	113	2
donor_01	3C	112	2
donor_01	3C	112	2
donor_01	3C	110	1
donor_01	3C	108	2
donor_01	3C	110	1
donor_01	3C	113	2
donor_01	3C	112	2
donor_01	3Y	111	2
donor_01	3Y	111	1
donor_01	3Y	112	2
donor_01	3Y	111	1
donor_01	3Y	113	2
donor_01	3Y	111	2
donor_01	3Y	117	1
donor_01	3Y	106	2
donor_01	3Y	116	1
donor_01	3Y	113	2
donor_01	3Y	110	2
donor_01	3Y	106	1
donor_01	3Y	110	2
donor_01	3Y	107	1
donor_01	3Y	109	1
donor_01	3Y	114	2
donor_01	3Y	111	2
donor_01	3Y	104	1
donor_01	3Y	114	2
donor_01	3Y	106	1
donor_01	3Y	111	2
donor_01	3Y	106	1
donor_01	3V	108	2
donor_01	3V	111	2
donor_01	3V	110	2
donor_01	3V	109	1
donor_01	3V	111	2
donor_01	3V	119	2
donor_01	3V	118	2
donor_01	3V	112	2
donor_01	3V	114	1
donor_01	3V	117	1
donor_01	3V	116	1
donor_01	3V	114	1
donor_01	3V	115	2
donor_01	3V	115	2
donor_01	3V	106	2
donor_01	3V	111	1
donor_01	3V	112	2
donor_01	3V	107	2
donor_01	3V	111	1
donor_01	3V	113	1
donor_01	3V	108	1
donor_01	3V	115	2
donor_01	3V	114	2
donor_01	3AG	108	2
donor_01	3AG	111	2
donor_01	3AG	113	1
donor_01	3AG	113	2
donor_01	3AG	113	1
donor_01	3AG	116	1
donor_01	3AG	114	2
donor_01	3AG	115	2
donor_01	3AG	106	1
donor_01	3AG	115	1
donor_01	3AG	113	2
donor_01	3AG	116	1
donor_01	3AG	111	2
donor_01	3AG	113	1
donor_01	3AG	112	1
donor_01	3AG	112	1
donor_01	3AG	115	1
donor_01	3AG	108	1
donor_01	3AG	106	1
donor_01	3AG	117	1
donor_01	3AG	116	1
donor_01	3AG	116	2
donor_01	3AG	109	1
donor_01	3AG	116	2
donor_01	3AG	110	1
donor_01	3AG	113	2
donor_01	3AG	112	1
donor_01	3AG	106	1
donor_01	3AG	117	1
donor_01	3AG	113	1
donor_01	3AG	112	1
donor_01	3AG	114	1
donor_01	3AG	111	1
donor_01	3AG	105	2
donor_01	3AG	117	2
donor_01	3AG	114	1
donor_01	3AG	105	1
donor_01	3AG	112	1
donor_01	3AG	113	1
donor_01	3AG	117	2
donor_02	3D	91	1
donor_02	3D	95	2
donor_02	3D	92	2
donor_02	3D	88	2
donor_02	3D	88	1
donor_02	3D	88	1
donor_02	3D	88	2
donor_02	3D	87	2
donor_02	3D	92	1
donor_02	3D	90	2
donor_02	3D	92	2
donor_02	3D	93	2
donor_02	3D	82	2
donor_02	3D	88	2
donor_02	3D	84	2
donor_02	3D	84	2
donor_02	3D	91	2
donor_02	3D	89	1
donor_02	3D	86	2
donor_02	3D	90	2
donor_02	3D	84	1
donor_02	3D	92	2
donor_02	3D	89	1
donor_02	3D	90	2
donor_02	3D	90	1
donor_02	3D	91	2
donor_02	3D	98	2
donor_02	3D	87	1
donor_02	3D	84	1
donor_02	3D	85	1
donor_02	3R	95	1
donor_02	3R	84	2
donor_02	3R	92	1
donor_02	3R	87	1
donor_02	3R	88	1
donor_02	3R	93	1
donor_02	3R	87	1
donor_02	3R	84	2
donor_02	3R	87	1
donor_02	3R	88	1
donor_02	3R	83	2
donor_02	3R	83	2
donor_02	3R	85	1
donor_02	3R	94	1
donor_02	3R	93	2
donor_02	3R	91	1
donor_02	3R	87	1
donor_02	3R	89	2
donor_02	3R	83	2
donor_02	3R	86	1
donor_02	3R	87	2
donor_02	3R	86	1
donor_02	3R	92	1
donor_02	3R	92	2
donor_02	3R	88	1
donor_02	3R	87	1
donor_02	3R	89	1
donor_02	3R	97	1
donor_02	3R	88	2
donor_02	3R	86	2
donor_02	3R	85	1
donor_02	3R	86	1
donor_02	3F	89	2
donor_02	3F	90	2
donor_02	3F	88	2
donor_02	3F	89	2
donor_02	3F	86	1
donor_02	3F	90	2
donor_02	3F	95	2
donor_02	3F	90	1
donor_02	3F	91	2
donor_02	3F	91	2
donor_02	3F	86	1
donor_02	3F	94	2
donor_02	3F	98	1
donor_02	3F	90	2
donor_02	3F	93	2
donor_02	3F	85	1
donor_02	3F	87	1
donor_02	3F	89	1
donor_02	3F	86	1
donor_02	3F	94	2
donor_02	3F	87	1
donor_02	3F	88	2
donor_02	3F	91	1
donor_02	3F	90	1
donor_02	3AA	85	1
donor_02	3AA	86	2
donor_02	3AA	87	1
donor_02	3AA	92	2
donor_02	3AA	84	2
donor_02	3AA	90	1
donor_02	3AA	96	2
donor_02	3AA	95	1
donor_02	3AA	88	2
donor_02	3AA	89	1
donor_02	3AA	89	1
donor_02	3AA	91	1
donor_02	3AA	89	1
donor_02	3AA	87	2
donor_02	3AA	91	2
donor_02	3AA	85	2
donor_02	3AA	88	2
donor_02	3AA	91	2
donor_02	3AA	86	1
donor_02	3AA	87	2
donor_02	3AA	94	2
donor_02	3AA	89	1
donor_02	3AA	92	2
donor_02	3AA	90	2
donor_02	3AA	87	1
donor_02	3AA	88	2
donor_02	3AA	84	2
donor_02	3AN	89	2
donor_02	3AN	90	2
donor_02	3AN	92	1
donor_02	3AN	87	1
donor_02	3AN	89	2
donor_02	3AN	91	1
donor_02	3AN	97	2
donor_02	3AN	91	2
donor_02	3AN	88	1
donor_02	3AN	95	2
donor_02	3AN	89	1
donor_02	3AN	93	2
donor_02	3AN	84	1
donor_02	3AN	93	2
donor_02	3AN	94	1
donor_02	3AN	94	1
donor_02	3AN	88	1
donor_02	3AN	88	1
donor_02	3AN	90	2
donor_02	3AN	89	1
donor_02	3AN	91	1
donor_02	3AN	84	2
donor_02	3AN	89	1
donor_02	3G	86	1
donor_02	3G	89	1
donor_02	3G	95	1
donor_02	3G	88	2
donor_02	3G	91	2
donor_02	3G	96	2
donor_02	3G	92	1
donor_02	3G	85	2
donor_02	3G	87	1
donor_02	3G	96	2
donor_02	3G	91	1
donor_02	3G	90	1
donor_02	3G	90	1
donor_02	3G	89	2
donor_02	3G	92	2
donor_02	3G	84	1
donor_02	3G	88	2
donor_02	3G	89	1
donor_02	3G	96	1
donor_02	3G	88	2
donor_02	3G	82	2
donor_02	3G	88	1
donor_02	3G	89	1
donor_02	3G	86	2
donor_02	3G	89	2
donor_02	3G	83	1
donor_02	3G	83	2
donor_02	3C	90	2
donor_02	3C	85	2
donor_02	3C	94	2
donor_02	3C	93	1
donor_02	3C	92	1
donor_02	3C	93	2
donor_02	3C	90	2
donor_02	3C	83	2
donor_02	3C	90	1
donor_02	3C	80	1
donor_02	3C	82	2
donor_02	3C	91	1
donor_02	3C	99	1
donor_02	3C	88	2
donor_02	3C	91	2
donor_02	3C	82	2
donor_02	3C	90	2
donor_02	3C	86	1
donor_02	3C	91	2
donor_02	3C	86	2
donor_02	3C	83	1
donor_02	3C	89	1
donor_02	3C	90	2
donor_02	3C	87	2
donor_02	3C	87	2
donor_02	3C	85	2
donor_02	3C	90	2
donor_02	3C	96	2
donor_02	3C	90	1
donor_02	3C	91	2
donor_02	3C	88	1
donor_02	3C	88	1
donor_02	3C	87	2
donor_02	3C	85	1
donor_02	3Y	84	1
donor_02	3Y	90	1
donor_02	3Y	83	1
donor_02	3Y	87	1
donor_02	3Y	92	1
donor_02	3Y	88	2
donor_02	3Y	85	2
donor_02	3Y	87	1
donor_02	3Y	91	1
donor_02	3Y	91	1
donor_02	3Y	83	2
donor_02	3Y	91	2
donor_02	3Y	85	2
donor_02	3Y	87	2
donor_02	3Y	89	2
donor_02	3Y	86	2
donor_02	3Y	96	2
donor_02	3Y	89	2
donor_02	3Y	92	2
donor_02	3Y	86	1
donor_02	3Y	91	1
donor_02	3Y	89	1
donor_02	3Y	88	1
donor_02	3Y	88	2
donor_02	3Y	89	1
donor_02	3Y	83	1
donor_02	3Y	89	2
donor_02	3Y	86	2
donor_02	3Y	86	2
donor_02	3Y	87	1
donor_02	3Y	84	2
donor_02	3Y	94	1
donor_02	3Y	90	2
donor_02	3Y	89	1
donor_02	3Y	95	1
donor_02	3Y	89	2
donor_02	3Y	90	1
donor_02	3Y	91	2
donor_02	3Y	86	1
donor_02	3V	87	1
donor_02	3V	94	2
donor_02	3V	88	1
donor_02	3V	89	2
donor_02	3V	86	2
donor_02	3V	90	2
donor_02	3V	93	2
donor_02	3V	91	1
donor_02	3V	87	1
donor_02	3V	88	1
donor_02	3V	89	2
donor_02	3V	89	2
donor_02	3V	87	1
donor_02	3V	86	1
donor_02	3V	86	2
donor_02	3V	82	1
donor_02	3V	86	2
donor_02	3V	85	1
donor_02	3V	86	2
donor_02	3V	91	1
donor_02	3V	84	2
donor_02	3V	91	2
donor_02	3V	94	1
donor_02	3V	90	1
donor_02	3V	89	2
donor_02	3V	86	1
donor_02	3V	89	1
donor_02	3V	89	2
donor_02	3V	85	2
donor_02	3AG	92	1
donor_02	3AG	93	2
donor_02	3AG	89	1
donor_02	3AG	84	1
donor_02	3AG	92	2
donor_02	3AG	83	2
donor_02	3AG	91	2
donor_02	3AG	89	1
donor_02	3AG	90	1
donor_02	3AG	79	2
donor_02	3AG	86	2
donor_02	3AG	90	2
donor_02	3AG	93	2
donor_02	3AG	92	2
donor_02	3AG	94	2
donor_02	3AG	87	1
donor_02	3AG	93	1
donor_02	3AG	90	2
donor_02	3AG	85	1
donor_02	3AG	92	2
donor_02	3AG	89	1
donor_02	3AG	88	1
donor_02	3AG	88	2
donor_02	3AG	85	1
donor_02	3AG	82	1
donor_02	3AG	91	1
donor_02	3AG	88	2
donor_02	3AG	93	2
donor_02	3AG	87	2
donor_02	3AG	86	1
donor_02	3AG	90	2
donor_03	3D	94	2
donor_03	3D	95	2
donor_03	3D	94	2
donor_03	3D	92	2
donor_03	3D	96	1
donor_03	3D	93	2
donor_03	3D	93	2
donor_03	3D	95	2
donor_03	3D	95	2
donor_03	3D	91	2
donor_03	3D	89	1
donor_03	3D	93	2
donor_03	3D	96	1
donor_03	3D	93	1
donor_03	3D	96	2
donor_03	3D	99	1
donor_03	3D	97	1
donor_03	3D	98	1
donor_03	3D	99	1
donor_03	3D	100	2
donor_03	3D	97	2
donor_03	3D	93	2
donor_03	3D	96	2
donor_03	3D	102	2
donor_03	3D	97	2
donor_03	3D	94	2
donor_03	3D	94	2
donor_03	3D	94	1
donor_03	3D	93	2
donor_03	3D	90	1
donor_03	3D	94	1
donor_03	3R	88	2
donor_03	3R	98	2
donor_03	3R	89	1
donor_03	3R	98	2
donor_03	3R	91	2
donor_03	3R	95	1
donor_03	3R	95	1
donor_03	3R	101	2
donor_03	3R	94	2
donor_03	3R	90	1
donor_03	3R	92	2
donor_03	3R	98	1
donor_03	3R	93	1
donor_03	3R	98	2
donor_03	3R	92	2
donor_03	3R	90	2
donor_03	3R	95	1
donor_03	3R	96	1
donor_03	3R	91	1
donor_03	3R	96	2
donor_03	3R	95	1
donor_03	3R	98	2
donor_03	3R	96	1
donor_03	3R	101	2
donor_03	3R	94	1
donor_03	3R	102	2
donor_03	3R	100	1
donor_03	3R	94	2
donor_03	3R	96	2
donor_03	3R	98	1
donor_03	3R	101	1
donor_03	3R	92	1
donor_03	3R	97	1
donor_03	3R	95	2
donor_03	3F	93	2
donor_03	3F	97	2
donor_03	3F	93	2
donor_03	3F	92	2
donor_03	3F	99	1
donor_03	3F	96	1
donor_03	3F	92	1
donor_03	3F	96	1
donor_03	3F	91	1
donor_03	3F	92	1
donor_03	3F	97	2
donor_03	3F	93	1
donor_03	3F	100	2
donor_03	3F	93	2
donor_03	3F	94	2
donor_03	3F	95	2
donor_03	3F	92	1
donor_03	3F	95	2
donor_03	3F	101	2
donor_03	3F	103	2
donor_03	3F	91	1
donor_03	3F	94	2
donor_03	3F	94	2
donor_03	3F	92	1
donor_03	3F	96	2
donor_03	3F	98	1
donor_03	3F	93	1
donor_03	3F	95	1
donor_03	3F	92	2
donor_03	3F	94	1
donor_03	3F	100	2
donor_03	3F	96	2
donor_03	3AA	98	2
donor_03	3AA	100	1
donor_03	3AA	97	2
donor_03	3AA	93	1
donor_03	3AA	93	1
donor_03	3AA	90	1
donor_03	3AA	92	1
donor_03	3AA	91	1
donor_03	3AA	100	1
donor_03	3AA	102	2
donor_03	3AA	92	2
donor_03	3AA	95	2
donor_03	3AA	95	1
donor_03	3AA	87	2
donor_03	3AA	95	1
donor_03	3AA	92	1
donor_03	3AA	94	1
donor_03	3AA	98	1
donor_03	3AA	96	1
donor_03	3AA	93	2
donor_03	3AA	98	2
donor_03	3AA	95	1
donor_03	3AA	91	1
donor_03	3AA	95	2
donor_03	3AA	92	2
donor_03	3AA	94	1
donor_03	3AN	97	2
donor_03	3AN	99	2
donor_03	3AN	98	2
donor_03	3AN	97	2
donor_03	3AN	93	2
donor_03	3AN	95	2
donor_03	3AN	96	1
donor_03	3AN	94	1
donor_03	3AN	100	2
donor_03	3AN	101	1
donor_03	3AN	94	2
donor_03	3AN	95	1
donor_03	3AN	98	1
donor_03	3AN	93	1
donor_03	3AN	92	1
donor_03	3AN	96	1
donor_03	3AN	95	2
donor_03	3AN	99	2
donor_03	3AN	89	1
donor_03	3AN	96	1
donor_03	3AN	101	2
donor_03	3AN	95	2
donor_03	3G	97	1
donor_03	3G	94	1
donor_03	3G	98	1
donor_03	3G	95	1
donor_03	3G	99	2
donor_03	3G	98	2
donor_03	3G	97	2
donor_03	3G	98	1
donor_03	3G	94	1
donor_03	3G	93	2
donor_03	3G	96	2
donor_03	3G	91	1
donor_03	3G	91	2
donor_03	3G	92	1
donor_03	3G	93	1
donor_03	3G	89	1
donor_03	3G	89	1
donor_03	3G	92	2
donor_03	3G	87	1
donor_03	3G	99	2
donor_03	3G	97	2
donor_03	3G	92	1
donor_03	3G	94	1
donor_03	3G	97	2
donor_03	3G	97	1
donor_03	3G	91	1
donor_03	3G	96	2
donor_03	3G	95	2
donor_03	3G	93	1
donor_03	3G	101	2
donor_03	3G	93	2
donor_03	3G	92	1
donor_03	3C	97	2
donor_03	3C	92	2
donor_03	3C	92	2
donor_03	3C	98	2
donor_03	3C	98	2
donor_03	3C	92	1
donor_03	3C	93	2
donor_03	3C	98	1
donor_03	3C	97	1
donor_03	3C	96	1
donor_03	3C	99	1
donor_03	3C	93	1
donor_03	3C	97	2
donor_03	3C	94	1
donor_03	3C	99	2
donor_03	3C	99	1
donor_03	3C	95	2
donor_03	3C	93	1
donor_03	3C	92	1
donor_03	3C	99	1
donor_03	3C	99	1
donor_03	3C	102	2
donor_03	3Y	99	1
donor_03	3Y	90	1
donor_03	3Y	96	2
donor_03	3Y	95	1
donor_03	3Y	95	1
donor_03	3Y	86	1
donor_03	3Y	94	1
donor_03	3Y	93	1
donor_03	3Y	91	1
donor_03	3Y	88	2
donor_03	3Y	98	2
donor_03	3Y	95	2
donor_03	3Y	98	2
donor_03	3Y	89	2
donor_03	3Y	95	2
donor_03	3Y	96	2
donor_03	3Y	96	2
donor_03	3Y	101	1
donor_03	3Y	94	2
donor_03	3Y	93	2
donor_03	3Y	88	2
donor_03	3Y	95	2
donor_03	3Y	96	2
donor_03	3Y	97	2
donor_03	3Y	95	1
donor_03	3Y	97	2
donor_03	3Y	95	1
donor_03	3Y	99	2
donor_03	3Y	100	1
donor_03	3Y	99	2
donor_03	3Y	87	2
donor_03	3V	94	1
donor_03	3V	97	2
donor_03	3V	94	1
donor_03	3V	94	1
donor_03	3V	101	1
donor_03	3V	94	2
donor_03	3V	88	2
donor_03	3V	97	1
donor_03	3V	99	1
donor_03	3V	97	1
donor_03	3V	92	2
donor_03	3V	94	1
donor_03	3V	91	1
donor_03	3V	96	1
donor_03	3V	90	1
donor_03	3V	92	1
donor_03	3V	93	1
donor_03	3V	100	2
donor_03	3V	95	2
donor_03	3V	97	1
donor_03	3V	92	1
donor_03	3V	91	1
donor_03	3V	100	1
donor_03	3V	93	1
donor_03	3V	90	2
donor_03	3V	97	2
donor_03	3V	92	1
donor_03	3V	93	2
donor_03	3V	93	2
donor_03	3V	92	1
donor_03	3V	87	2
donor_03	3AG	96	1
donor_03	3AG	88	2
donor_03	3AG	101	1
donor_03	3AG	97	1
donor_03	3AG	91	2
donor_03	3AG	96	1
donor_03	3AG	87	2
donor_03	3AG	101	2
donor_03	3AG	95	1
donor_03	3AG	93	1
donor_03	3AG	95	1
donor_03	3AG	95	2
donor_03	3AG	95	2
donor_03	3AG	96	2
donor_03	3AG	91	2
donor_03	3AG	97	1
donor_03	3AG	100	2
donor_03	3AG	95	1
donor_03	3AG	90	2
donor_03	3AG	94	1
donor_03	3AG	98	1
donor_03	3AG	96	1
donor_03	3AG	88	1
donor_03	3AG	96	2
donor_03	3AG	95	2
donor_03	3AG	93	1
donor_03	3AG	98	1
donor_04	3D	94	1
donor_04	3D	88	2
donor_04	3D	96	2
donor_04	3D	95	2
donor_04	3D	91	1
donor_04	3D	94	1
donor_04	3D	94	2
donor_04	3D	94	2
donor_04	3D	90	2
donor_04	3D	94	2
donor_04	3D	91	2
donor_04	3D	87	2
donor_04	3D	91	1
donor_04	3D	93	2
donor_04	3D	99	2
donor_04	3D	90	1
donor_04	3D	94	1
donor_04	3D	93	2
donor_04	3D	90	1
donor_04	3D	91	2
donor_04	3D	90	1
donor_04	3D	98	2
donor_04	3D	98	1
donor_04	3D	97	2
donor_04	3D	90	1
donor_04	3D	90	1
donor_04	3D	93	1
donor_04	3D	97	2
donor_04	3D	89	1
donor_04	3D	94	2
donor_04	3D	99	2
donor_04	3D	93	1
donor_04	3D	91	2
donor_04	3D	91	1
donor_04	3R	89	1
donor_04	3R	94	1
donor_04	3R	88	1
donor_04	3R	86	2
donor_04	3R	94	1
donor_04	3R	91	1
donor_04	3R	89	1
donor_04	3R	90	2
donor_04	3R	96	1
donor_04	3R	94	2
donor_04	3R	92	2
donor_04	3R	91	1
donor_04	3R	91	2
donor_04	3R	96	1
donor_04	3R	95	2
donor_04	3R	96	2
donor_04	3R	98	1
donor_04	3R	93	1
donor_04	3R	93	1
donor_04	3R	92	2
donor_04	3R	97	1
donor_04	3R	94	1
donor_04	3R	96	1
donor_04	3R	97	2
donor_04	3R	96	1
donor_04	3R	95	1
donor_04	3R	93	2
donor_04	3R	89	1
donor_04	3R	87	2
donor_04	3R	90	2
donor_04	3R	93	1
donor_04	3F	92	1
donor_04	3F	92	1
donor_04	3F	89	2
donor_04	3F	98	1
donor_04	3F	94	1
donor_04	3F	98	2
donor_04	3F	90	1
donor_04	3F	94	2
donor_04	3F	87	2
donor_04	3F	90	2
donor_04	3F	98	2
donor_04	3F	92	2
donor_04	3F	90	1
donor_04	3F	89	2
donor_04	3F	91	2
donor_04	3F	96	2
donor_04	3F	95	1
donor_04	3F	94	1
donor_04	3F	93	2
donor_04	3F	93	2
donor_04	3F	95	1
donor_04	3F	91	2
donor_04	3F	102	2
donor_04	3F	98	1
donor_04	3F	97	2
donor_04	3F	90	1
donor_04	3F	92	2
donor_04	3AA	89	2
donor_04	3AA	95	1
donor_04	3AA	94	2
donor_04	3AA	91	1
donor_04	3AA	91	2
donor_04	3AA	91	2
donor_04	3AA	93	2
donor_04	3AA	95	2
donor_04	3AA	99	2
donor_04	3AA	89	1
donor_04	3AA	96	2
donor_04	3AA	91	2
donor_04	3AA	89	2
donor_04	3AA	91	1
donor_04	3AA	95	2
donor_04	3AA	97	1
donor_04	3AA	96	2
donor_04	3AA	88	2
donor_04	3AA	92	2
donor_04	3AA	93	1
donor_04	3AA	95	2
donor_04	3AA	89	1
donor_04	3AA	92	2
donor_04	3AA	89	2
donor_04	3AN	99	1
donor_04	3AN	90	2
donor_04	3AN	92	2
donor_04	3AN	94	1
donor_04	3AN	92	2
donor_04	3AN	95	2
donor_04	3AN	85	2
donor_04	3AN	91	1
donor_04	3AN	95	2
donor_04	3AN	96	1
donor_04	3AN	92	1
donor_04	3AN	90	2
donor_04	3AN	90	2
donor_04	3AN	91	2
donor_04	3AN	92	1
donor_04	3AN	91	2
donor_04	3AN	94	1
donor_04	3AN	94	2
donor_04	3AN	96	1
donor_04	3AN	95	2
donor_04	3AN	89	2
donor_04	3AN	94	2
donor_04	3AN	89	1
donor_04	3AN	99	2
donor_04	3AN	91	2
donor_04	3AN	95	2
donor_04	3AN	96	1
donor_04	3AN	91	1
donor_04	3AN	88	2
donor_04	3AN	88	1
donor_04	3AN	97	2
donor_04	3AN	95	1
donor_04	3AN	94	2
donor_04	3AN	94	1
donor_04	3AN	91	2
donor_04	3G	97	2
donor_04	3G	91	2
donor_04	3G	92	1
donor_04	3G	88	1
donor_04	3G	96	2
donor_04	3G	90	2
donor_04	3G	90	2
donor_04	3G	99	2
donor_04	3G	97	2
donor_04	3G	91	1
donor_04	3G	91	1
donor_04	3G	93	1
donor_04	3G	92	1
donor_04	3G	90	2
donor_04	3G	96	2
donor_04	3G	90	1
donor_04	3G	95	1
donor_04	3G	91	2
donor_04	3G	93	1
donor_04	3G	98	2
donor_04	3G	95	1
donor_04	3G	90	1
donor_04	3G	95	2
donor_04	3G	95	1
donor_04	3G	97	1
donor_04	3G	95	1
donor_04	3G	91	2
donor_04	3G	90	2
donor_04	3G	92	1
donor_04	3G	91	2
donor_04	3G	91	1
donor_04	3G	87	1
donor_04	3G	90	1
donor_04	3C	90	2
donor_04	3C	84	1
donor_04	3C	95	1
donor_04	3C	91	1
donor_04	3C	98	1
donor_04	3C	99	2
donor_04	3C	95	1
donor_04	3C	95	2
donor_04	3C	94	1
donor_04	3C	90	2
donor_04	3C	92	2
donor_04	3C	94	1
donor_04	3C	96	1
donor_04	3C	96	2
donor_04	3C	88	2
donor_04	3C	96	2
donor_04	3C	95	1
donor_04	3C	94	2
donor_04	3C	91	1
donor_04	3C	95	2
donor_04	3C	90	1
donor_04	3C	97	2
donor_04	3C	100	2
donor_04	3C	89	2
donor_04	3C	92	1
donor_04	3C	94	2
donor_04	3C	100	2
donor_04	3C	94	2
donor_04	3C	92	2
donor_04	3Y	95	2
donor_04	3Y	97	1
donor_04	3Y	92	1
donor_04	3Y	94	2
donor_04	3Y	91	1
donor_04	3Y	97	1
donor_04	3Y	91	1
donor_04	3Y	96	2
donor_04	3Y	86	2
donor_04	3Y	92	2
donor_04	3Y	90	1
donor_04	3Y	94	1
donor_04	3Y	97	2
donor_04	3Y	84	1
donor_04	3Y	90	1
donor_04	3Y	88	1
donor_04	3Y	93	1
donor_04	3Y	86	2
donor_04	3Y	93	1
donor_04	3Y	93	1
donor_04	3Y	92	2
donor_04	3Y	95	2
donor_04	3Y	86	2
donor_04	3Y	91	1
donor_04	3Y	94	2
donor_04	3Y	86	1
donor_04	3Y	93	2
donor_04	3Y	97	2
donor_04	3Y	91	1
donor_04	3Y	94	1
donor_04	3Y	89	2
donor_04	3Y	89	1
donor_04	3V	91	1
donor_04	3V	96	1
donor_04	3V	99	2
donor_04	3V	86	1
donor_04	3V	89	1
donor_04	3V	96	2
donor_04	3V	95	2
donor_04	3V	91	2
donor_04	3V	93	2
donor_04	3V	89	2
donor_04	3V	94	1
donor_04	3V	90	2
donor_04	3V	94	2
donor_04	3V	95	1
donor_04	3V	95	1
donor_04	3V	92	2
donor_04	3V	94	2
donor_04	3V	94	2
donor_04	3V	92	2
donor_04	3V	92	1
donor_04	3V	98	1
donor_04	3V	89	1
donor_04	3V	91	2
donor_04	3V	84	2
donor_04	3V	91	2
donor_04	3V	93	2
donor_04	3V	91	2
donor_04	3V	93	1
donor_04	3V	93	1
donor_04	3V	96	1
donor_04	3V	88	1
donor_04	3V	96	1
donor_04	3V	92	2
donor_04	3V	95	2
donor_04	3V	87	2
donor_04	3V	97	1
donor_04	3V	95	2
donor_04	3V	92	2
donor_04	3AG	86	1
donor_04	3AG	92	2
donor_04	3AG	98	1
donor_04	3AG	89	1
donor_04	3AG	85	2
donor_04	3AG	86	2
donor_04	3AG	91	1
donor_04	3AG	91	1
donor_04	3AG	92	2
donor_04	3AG	88	2
donor_04	3AG	96	1
donor_04	3AG	94	2
donor_04	3AG	93	1
donor_04	3AG	96	2
donor_04	3AG	89	2
donor_04	3AG	96	1
donor_04	3AG	93	2
donor_04	3AG	90	2
donor_04	3AG	91	1
donor_04	3AG	95	1
donor_04	3AG	93	1
donor_04	3AG	91	1
donor_04	3AG	94	1
donor_04	3AG	92	1
donor_04	3AG	95	2
donor_04	3AG	92	2
donor_04	3AG	94	1
donor_04	3AG	95	1
donor_05	3D	82	1
donor_05	3D	77	2
donor_05	3D	82	1
donor_05	3D	82	1
donor_05	3D	79	1
donor_05	3D	83	2
donor_05	3D	80	1
donor_05	3D	81	2
donor_05	3D	84	1
donor_05	3D	82	2
donor_05	3D	89	1
donor_05	3D	88	1
donor_05	3D	82	1
donor_05	3D	80	1
donor_05	3D	87	2
donor_05	3D	86	1
donor_05	3D	81	1
donor_05	3D	80	2
donor_05	3D	83	1
donor_05	3D	80	1
donor_05	3D	87	1
donor_05	3D	80	2
donor_05	3D	83	2
donor_05	3D	83	2
donor_05	3D	82	2
donor_05	3D	84	2
donor_05	3D	86	2
donor_05	3D	84	2
donor_05	3D	78	1
donor_05	3D	78	2
donor_05	3R	84	2
donor_05	3R	81	2
donor_05	3R	87	1
donor_05	3R	79	2
donor_05	3R	87	2
donor_05	3R	76	2
donor_05	3R	81	2
donor_05	3R	85	2
donor_05	3R	82	1
donor_05	3R	87	1
donor_05	3R	84	2
donor_05	3R	82	1
donor_05	3R	84	2
donor_05	3R	86	2
donor_05	3R	81	1
donor_05	3R	84	2
donor_05	3R	81	1
donor_05	3R	83	2
donor_05	3R	86	2
donor_05	3R	75	1
donor_05	3R	85	1
donor_05	3R	81	1
donor_05	3R	83	2
donor_05	3R	84	1
donor_05	3R	81	2
donor_05	3R	84	1
donor_05	3R	78	1
donor_05	3R	81	1
donor_05	3R	87	2
donor_05	3R	78	1
donor_05	3R	87	1
donor_05	3R	85	1
donor_05	3R	81	2
donor_05	3R	82	1
donor_05	3R	76	2
donor_05	3R	82	1
donor_05	3R	80	2
donor_05	3R	86	2
donor_05	3R	81	1
donor_05	3R	83	1
donor_05	3F	78	2
donor_05	3F	81	2
donor_05	3F	85	2
donor_05	3F	81	1
donor_05	3F	84	1
donor_05	3F	82	1
donor_05	3F	84	1
donor_05	3F	83	2
donor_05	3F	75	1
donor_05	3F	77	2
donor_05	3F	83	2
donor_05	3F	80	1
donor_05	3F	82	2
donor_05	3F	81	2
donor_05	3F	82	2
donor_05	3F	84	1
donor_05	3F	86	1
donor_05	3F	84	2
donor_05	3F	84	2
donor_05	3F	89	2
donor_05	3F	77	2
donor_05	3AA	87	1
donor_05	3AA	81	2
donor_05	3AA	81	1
donor_05	3AA	89	1
donor_05	3AA	79	2
donor_05	3AA	81	2
donor_05	3AA	78	2
donor_05	3AA	85	2
donor_05	3AA	80	1
donor_05	3AA	83	2
donor_05	3AA	79	2
donor_05	3AA	79	1
donor_05	3AA	84	1
donor_05	3AA	82	2
donor_05	3AA	80	2
donor_05	3AA	84	1
donor_05	3AA	80	2
donor_05	3AA	83	2
donor_05	3AA	86	1
donor_05	3AA	83	2
donor_05	3AA	79	1
donor_05	3AA	83	1
donor_05	3AA	77	1
donor_05	3AA	81	1
donor_05	3AA	82	1
donor_05	3AA	77	1
donor_05	3AA	81	1
donor_05	3AA	82	2
donor_05	3AA	84	1
donor_05	3AA	86	2
donor_05	3AA	82	1
donor_05	3AA	83	1
donor_05	3AA	78	2
donor_05	3AA	80	2
donor_05	3AN	84	2
donor_05	3AN	84	1
donor_05	3AN	88	2
donor_05	3AN	84	2
donor_05	3AN	79	2
donor_05	3AN	81	1
donor_05	3AN	83	2
donor_05	3AN	81	2
donor_05	3AN	81	1
donor_05	3AN	91	1
donor_05	3AN	80	2
donor_05	3AN	87	2
donor_05	3AN	83	1
donor_05	3AN	82	1
donor_05	3AN	83	2
donor_05	3AN	72	1
donor_05	3AN	78	2
donor_05	3AN	90	2
donor_05	3AN	81	2
donor_05	3AN	85	1
donor_05	3AN	85	1
donor_05	3AN	83	2
donor_05	3AN	84	2
donor_05	3AN	86	2
donor_05	3AN	80	2
donor_05	3AN	76	1
donor_05	3AN	84	1
donor_05	3G	78	2
donor_05	3G	77	1
donor_05	3G	82	1
donor_05	3G	77	1
donor_05	3G	76	1
donor_05	3G	75	2
donor_05	3G	78	1
donor_05	3G	84	1
donor_05	3G	79	1
donor_05	3G	82	2
donor_05	3G	80	2
donor_05	3G	74	2
donor_05	3G	81	1
donor_05	3G	83	2
donor_05	3G	81	2
donor_05	3G	81	2
donor_05	3G	81	1
donor_05	3G	81	2
donor_05	3G	79	2
donor_05	3G	72	2
donor_05	3G	84	2
donor_05	3G	79	2
donor_05	3G	81	1
donor_05	3G	78	2
donor_05	3G	85	1
donor_05	3G	81	2
donor_05	3G	82	2
donor_05	3G	85	1
donor_05	3G	84	2
donor_05	3G	82	2
donor_05	3G	85	1
donor_05	3G	76	2
donor_05	3C	87	1
donor_05	3C	81	2
donor_05	3C	80	2
donor_05	3C	78	1
donor_05	3C	81	2
donor_05	3C	87	1
donor_05	3C	80	1
donor_05	3C	81	1
donor_05	3C	87	1
donor_05	3C	79	2
donor_05	3C	82	2
donor_05	3C	82	1
donor_05	3C	73	2
donor_05	3C	76	2
donor_05	3C	81	1
donor_05	3C	79	1
donor_05	3C	84	2
donor_05	3C	85	1
donor_05	3C	79	2
donor_05	3C	89	2
donor_05	3C	84	2
donor_05	3C	79	2
donor_05	3C	83	2
donor_05	3C	81	1
donor_05	3C	81	1
donor_05	3C	87	1
donor_05	3C	84	2
donor_05	3C	79	2
donor_05	3C	82	2
donor_05	3C	83	1
donor_05	3Y	91	2
donor_05	3Y	90	1
donor_05	3Y	78	2
donor_05	3Y	84	1
donor_05	3Y	80	1
donor_05	3Y	86	2
donor_05	3Y	81	2
donor_05	3Y	79	2
donor_05	3Y	79	2
donor_05	3Y	76	1
donor_05	3Y	89	2
donor_05	3Y	76	2
donor_05	3Y	85	2
donor_05	3Y	79	1
donor_05	3Y	88	1
donor_05	3Y	82	2
donor_05	3Y	92	2
donor_05	3Y	85	1
donor_05	3Y	88	2
donor_05	3Y	83	1
donor_05	3Y	81	1
donor_05	3Y	84	2
donor_05	3Y	82	1
donor_05	3Y	75	2
donor_05	3Y	84	2
donor_05	3Y	80	1
donor_05	3Y	83	1
donor_05	3V	80	2
donor_05	3V	82	1
donor_05	3V	83	1
donor_05	3V	82	1
donor_05	3V	88	1
donor_05	3V	79	1
donor_05	3V	81	1
donor_05	3V	82	2
donor_05	3V	74	1
donor_05	3V	82	1
donor_05	3V	80	2
donor_05	3V	85	2
donor_05	3V	83	2
donor_05	3V	86	1
donor_05	3V	81	1
donor_05	3V	83	2
donor_05	3V	81	1
donor_05	3V	82	1
donor_05	3V	80	2
donor_05	3V	87	2
donor_05	3V	77	2
donor_05	3V	88	2
donor_05	3V	78	1
donor_05	3V	80	1
donor_05	3V	89	2
donor_05	3V	79	1
donor_05	3V	83	2
donor_05	3V	79	2
donor_05	3V	84	2
donor_05	3V	79	1
donor_05	3AG	81	2
donor_05	3AG	80	1
donor_05	3AG	81	2
donor_05	3AG	84	2
donor_05	3AG	81	1
donor_05	3AG	84	2
donor_05	3AG	82	2
donor_05	3AG	82	2
donor_05	3AG	86	2
donor_05	3AG	77	1
donor_05	3AG	85	1
donor_05	3AG	86	2
donor_05	3AG	88	1
donor_05	3AG	86	1
donor_05	3AG	84	1
donor_05	3AG	81	2
donor_05	3AG	79	2
donor_05	3AG	84	1
donor_05	3AG	80	1
donor_05	3AG	83	1
donor_05	3AG	85	2
donor_05	3AG	83	1
donor_05	3AG	85	1
donor_05	3AG	83	2
donor_05	3AG	85	1
donor_05	3AG	82	1
donor_05	3AG	84	2
donor_05	3AG	79	1
donor_05	3AG	85	1
donor_05	3AG	78	1
donor_06	3D	97	2
donor_06	3D	96	2
donor_06	3D	99	2
donor_06	3D	94	1
donor_06	3D	92	2
donor_06	3D	94	2
donor_06	3D	93	1
donor_06	3D	93	2
donor_06	3D	90	2
donor_06	3D	96	2
donor_06	3D	97	1
donor_06	3D	96	1
donor_06	3D	98	1
donor_06	3D	97	2
donor_06	3D	95	2
donor_06	3D	91	1
donor_06	3D	94	2
donor_06	3D	93	1
donor_06	3D	98	2
donor_06	3D	89	1
donor_06	3D	97	2
donor_06	3D	95	1
donor_06	3D	93	1
donor_06	3D	96	1
donor_06	3D	91	2
donor_06	3D	92	1
donor_06	3D	99	2
donor_06	3D	100	1
donor_06	3R	97	2
donor_06	3R	96	2
donor_06	3R	97	2
donor_06	3R	96	1
donor_06	3R	94	1
donor_06	3R	99	1
donor_06	3R	94	2
donor_06	3R	101	2
donor_06	3R	95	2
donor_06	3R	99	2
donor_06	3R	103	2
donor_06	3R	96	2
donor_06	3R	95	1
donor_06	3R	95	2
donor_06	3R	95	2
donor_06	3R	94	1
donor_06	3R	100	2
donor_06	3R	96	2
donor_06	3R	92	1
donor_06	3R	98	2
donor_06	3R	93	1
donor_06	3R	99	2
donor_06	3R	98	1
donor_06	3R	92	1
donor_06	3R	98	1
donor_06	3R	91	1
donor_06	3R	92	2
donor_06	3R	99	2
donor_06	3R	97	2
donor_06	3R	93	2
donor_06	3R	93	1
donor_06	3F	91	1
donor_06	3F	96	2
donor_06	3F	92	1
donor_06	3F	97	2
donor_06	3F	97	1
donor_06	3F	94	1
donor_06	3F	101	1
donor_06	3F	104	1
donor_06	3F	95	2
donor_06	3F	96	2
donor_06	3F	100	2
donor_06	3F	92	2
donor_06	3F	88	2
donor_06	3F	93	2
donor_06	3F	93	1
donor_06	3F	96	1
donor_06	3F	96	2
donor_06	3F	91	1
donor_06	3F	90	1
donor_06	3F	99	2
donor_06	3F	100	2
donor_06	3F	93	2
donor_06	3F	93	1
donor_06	3F	93	1
donor_06	3F	95	2
donor_06	3F	93	1
donor_06	3F	96	1
donor_06	3F	99	2
donor_06	3F	95	1
donor_06	3F	99	2
donor_06	3F	96	1
donor_06	3F	99	1
donor_06	3F	93	1
donor_06	3F	91	2
donor_06	3AA	94	2
donor_06	3AA	92	2
donor_06	3AA	102	1
donor_06	3AA	97	1
donor_06	3AA	95	1
donor_06	3AA	99	1
donor_06	3AA	92	2
donor_06	3AA	94	1
donor_06	3AA	88	2
donor_06	3AA	89	1
donor_06	3AA	96	2
donor_06	3AA	98	1
donor_06	3AA	96	2
donor_06	3AA	98	2
donor_06	3AA	94	2
donor_06	3AA	96	1
donor_06	3AA	100	1
donor_06	3AA	100	1
donor_06	3AA	96	2
donor_06	3AA	93	1
donor_06	3AA	98	2
donor_06	3AA	95	1
donor_06	3AA	86	2
donor_06	3AA	96	2
donor_06	3AA	97	1
donor_06	3AA	96	2
donor_06	3AA	91	1
donor_06	3AA	90	2
donor_06	3AA	97	1
donor_06	3AA	100	1
donor_06	3AA	94	2
donor_06	3AA	94	2
donor_06	3AN	99	1
donor_06	3AN	96	1
donor_06	3AN	98	1
donor_06	3AN	91	2
donor_06	3AN	95	2
donor_06	3AN	88	2
donor_06	3AN	95	2
donor_06	3AN	92	1
donor_06	3AN	97	1
donor_06	3AN	94	2
donor_06	3AN	93	1
donor_06	3AN	98	1
donor_06	3AN	98	2
donor_06	3AN	92	1
donor_06	3AN	101	1
donor_06	3AN	99	1
donor_06	3AN	93	2
donor_06	3AN	99	2
donor_06	3AN	95	1
donor_06	3AN	101	2
donor_06	3AN	97	2
donor_06	3AN	100	2
donor_06	3AN	91	1
donor_06	3AN	97	2
donor_06	3AN	93	2
donor_06	3AN	92	2
donor_06	3AN	96	1
donor_06	3AN	93	2
donor_06	3AN	91	1
donor_06	3AN	93	1
donor_06	3AN	94	1
donor_06	3G	97	1
donor_06	3G	98	1
donor_06	3G	98	2
donor_06	3G	86	1
donor_06	3G	96	1
donor_06	3G	95	2
donor_06	3G	95	2
donor_06	3G	88	2
donor_06	3G	92	2
donor_06	3G	97	1
donor_06	3G	91	2
donor_06	3G	92	1
donor_06	3G	93	2
donor_06	3G	91	2
donor_06	3G	94	1
donor_06	3G	92	2
donor_06	3G	95	1
donor_06	3G	97	2
donor_06	3G	94	1
donor_06	3G	96	1
donor_06	3G	94	2
donor_06	3G	95	2
donor_06	3G	94	2
donor_06	3G	102	1
donor_06	3G	91	1
donor_06	3G	92	2
donor_06	3G	93	1
donor_06	3G	101	1
donor_06	3G	96	1
donor_06	3C	96	2
donor_06	3C	95	1
donor_06	3C	90	1
donor_06	3C	97	2
donor_06	3C	85	2
donor_06	3C	101	2
donor_06	3C	93	2
donor_06	3C	95	2
donor_06	3C	92	2
donor_06	3C	96	1
donor_06	3C	89	1
donor_06	3C	88	1
donor_06	3C	88	1
donor_06	3C	96	1
donor_06	3C	101	1
donor_06	3C	98	2
donor_06	3C	97	2
donor_06	3C	93	2
donor_06	3C	93	2
donor_06	3C	99	2
donor_06	3C	92	2
donor_06	3C	93	1
donor_06	3C	98	1
donor_06	3C	93	2
donor_06	3C	97	2
donor_06	3C	87	2
donor_06	3C	94	2
donor_06	3C	92	2
donor_06	3C	93	2
donor_06	3C	99	1
donor_06	3C	86	1
donor_06	3C	94	1
donor_06	3Y	94	2
donor_06	3Y	94	1
donor_06	3Y	95	2
donor_06	3Y	102	1
donor_06	3Y	96	1
donor_06	3Y	93	1
donor_06	3Y	99	1
donor_06	3Y	94	1
donor_06	3Y	94	1
donor_06	3Y	93	1
donor_06	3Y	90	1
donor_06	3Y	97	1
donor_06	3Y	98	2
donor_06	3Y	91	1
donor_06	3Y	96	1
donor_06	3Y	93	2
donor_06	3Y	96	1
donor_06	3Y	90	1
donor_06	3Y	99	1
donor_06	3Y	100	2
donor_06	3Y	95	2
donor_06	3Y	89	1
donor_06	3Y	99	2
donor_06	3Y	97	2
donor_06	3Y	95	2
donor_06	3Y	100	1
donor_06	3Y	95	1
donor_06	3V	99	2
donor_06	3V	92	1
donor_06	3V	97	1
donor_06	3V	97	1
donor_06	3V	96	1
donor_06	3V	92	2
donor_06	3V	92	1
donor_06	3V	95	1
donor_06	3V	93	1
donor_06	3V	93	1
donor_06	3V	98	1
donor_06	3V	96	2
donor_06	3V	98	1
donor_06	3V	90	1
donor_06	3V	95	2
donor_06	3V	94	2
donor_06	3V	89	1
donor_06	3V	95	2
donor_06	3V	94	1
donor_06	3V	96	2
donor_06	3V	96	1
donor_06	3V	95	1
donor_06	3V	93	2
donor_06	3V	94	1
donor_06	3V	91	1
donor_06	3V	96	2
donor_06	3V	91	1
donor_06	3V	87	2
donor_06	3V	101	2
donor_06	3V	91	2
donor_06	3V	100	1
donor_06	3V	91	2
donor_06	3AG	93	2
donor_06	3AG	94	2
donor_06	3AG	105	2
donor_06	3AG	95	2
donor_06	3AG	90	1
donor_06	3AG	94	1
donor_06	3AG	93	1
donor_06	3AG	96	2
donor_06	3AG	87	2
donor_06	3AG	94	2
donor_06	3AG	99	2
donor_06	3AG	92	2
donor_06	3AG	87	1
donor_06	3AG	102	1
donor_06	3AG	91	1
donor_06	3AG	91	2
donor_06	3AG	93	2
donor_06	3AG	94	2
donor_06	3AG	91	1
donor_06	3AG	93	2
donor_06	3AG	91	2
donor_06	3AG	94	2
donor_06	3AG	91	2
donor_06	3AG	97	1
donor_06	3AG	94	2
donor_06	3AG	92	2
donor_06	3AG	94	2
donor_06	3AG	90	1
donor_07	3D	86	2
donor_07	3D	89	2
donor_07	3D	93	1
donor_07	3D	91	1
donor_07	3D	95	2
donor_07	3D	86	2
donor_07	3D	83	1
donor_07	3D	92	1
donor_07	3D	89	2
donor_07	3D	94	1
donor_07	3D	96	2
donor_07	3D	84	1
donor_07	3D	92	1
donor_07	3D	88	2
donor_07	3D	92	1
donor_07	3D	85	1
donor_07	3D	86	2
donor_07	3D	84	1
donor_07	3D	89	1
donor_07	3D	89	2
donor_07	3D	98	2
donor_07	3D	90	1
donor_07	3D	90	1
donor_07	3D	83	2
donor_07	3D	89	1
donor_07	3D	90	1
donor_07	3D	99	2
donor_07	3D	86	2
donor_07	3D	89	1
donor_07	3D	90	1
donor_07	3D	91	2
donor_07	3R	90	1
donor_07	3R	94	1
donor_07	3R	93	2
donor_07	3R	92	1
donor_07	3R	92	2
donor_07	3R	93	1
donor_07	3R	94	2
donor_07	3R	92	1
donor_07	3R	91	1
donor_07	3R	88	2
donor_07	3R	86	2
donor_07	3R	86	1
donor_07	3R	91	1
donor_07	3R	89	2
donor_07	3R	88	2
donor_07	3R	91	1
donor_07	3R	94	1
donor_07	3R	89	1
donor_07	3R	93	1
donor_07	3R	90	1
donor_07	3R	88	1
donor_07	3R	82	1
donor_07	3R	95	2
donor_07	3R	90	2
donor_07	3R	92	1
donor_07	3R	94	1
donor_07	3R	92	1
donor_07	3R	91	1
donor_07	3R	90	1
donor_07	3R	89	2
donor_07	3R	92	1
donor_07	3F	89	2
donor_07	3F	90	1
donor_07	3F	91	2
donor_07	3F	94	2
donor_07	3F	94	2
donor_07	3F	89	1
donor_07	3F	92	1
donor_07	3F	90	2
donor_07	3F	89	2
donor_07	3F	90	1
donor_07	3F	87	2
donor_07	3F	93	2
donor_07	3F	92	2
donor_07	3F	91	2
donor_07	3F	94	1
donor_07	3F	91	2
donor_07	3F	94	2
donor_07	3F	86	1
donor_07	3F	88	2
donor_07	3F	92	2
donor_07	3AA	90	1
donor_07	3AA	93	1
donor_07	3AA	89	1
donor_07	3AA	94	1
donor_07	3AA	86	1
donor_07	3AA	90	1
donor_07	3AA	91	1
donor_07	3AA	88	2
donor_07	3AA	84	2
donor_07	3AA	94	2
donor_07	3AA	86	1
donor_07	3AA	95	1
donor_07	3AA	92	1
donor_07	3AA	88	2
donor_07	3AA	87	2
donor_07	3AA	89	1
donor_07	3AA	86	2
donor_07	3AA	93	2
donor_07	3AA	90	2
donor_07	3AA	94	2
donor_07	3AA	90	1
donor_07	3AA	90	1
donor_07	3AA	87	1
donor_07	3AA	94	1
donor_07	3AA	90	2
donor_07	3AN	91	1
donor_07	3AN	91	1
donor_07	3AN	87	2
donor_07	3AN	92	1
donor_07	3AN	89	2
donor_07	3AN	92	1
donor_07	3AN	90	2
donor_07	3AN	94	2
donor_07	3AN	90	1
donor_07	3AN	85	2
donor_07	3AN	87	2
donor_07	3AN	88	1
donor_07	3AN	95	1
donor_07	3AN	87	1
donor_07	3AN	91	2
donor_07	3AN	94	1
donor_07	3AN	99	1
donor_07	3AN	87	2
donor_07	3AN	90	2
donor_07	3AN	93	2
donor_07	3AN	83	1
donor_07	3AN	86	2
donor_07	3AN	95	2
donor_07	3AN	88	2
donor_07	3AN	90	1
donor_07	3AN	88	2
donor_07	3AN	88	1
donor_07	3AN	93	1
donor_07	3AN	100	2
donor_07	3AN	89	1
donor_07	3AN	88	1
donor_07	3AN	96	1
donor_07	3AN	88	2
donor_07	3AN	88	1
donor_07	3AN	89	2
donor_07	3AN	90	1
donor_07	3G	91	2
donor_07	3G	92	2
donor_07	3G	90	1
donor_07	3G	88	2
donor_07	3G	94	1
donor_07	3G	85	2
donor_07	3G	93	1
donor_07	3G	91	1
donor_07	3G	88	2
donor_07	3G	92	1
donor_07	3G	89	1
donor_07	3G	86	2
donor_07	3G	95	2
donor_07	3G	87	1
donor_07	3G	93	2
donor_07	3G	87	1
donor_07	3G	95	1
donor_07	3G	87	2
donor_07	3G	93	2
donor_07	3G	91	2
donor_07	3G	89	2
donor_07	3G	92	2
donor_07	3G	89	1
donor_07	3G	85	1
donor_07	3G	92	1
donor_07	3G	87	2
donor_07	3G	89	1
donor_07	3G	92	2
donor_07	3G	92	1
donor_07	3G	91	2
donor_07	3G	92	1
donor_07	3G	90	1
donor_07	3G	88	2
donor_07	3G	88	1
donor_07	3C	87	1
donor_07	3C	95	2
donor_07	3C	92	1
donor_07	3C	87	2
donor_07	3C	90	2
donor_07	3C	89	2
donor_07	3C	91	1
donor_07	3C	89	2
donor_07	3C	87	2
donor_07	3C	83	1
donor_07	3C	85	2
donor_07	3C	90	1
donor_07	3C	92	2
donor_07	3C	92	1
donor_07	3C	91	1
donor_07	3C	93	2
donor_07	3C	86	2
donor_07	3C	83	1
donor_07	3C	88	2
donor_07	3C	95	1
donor_07	3C	89	1
donor_07	3C	93	1
donor_07	3C	91	1
donor_07	3C	93	2
donor_07	3C	94	1
donor_07	3C	93	2
donor_07	3C	88	2
donor_07	3C	86	2
donor_07	3C	86	2
donor_07	3C	93	2
donor_07	3C	89	2
donor_07	3C	90	1
donor_07	3C	90	1
donor_07	3Y	90	2
donor_07	3Y	91	1
donor_07	3Y	89	2
donor_07	3Y	85	1
donor_07	3Y	89	2
donor_07	3Y	93	1
donor_07	3Y	92	2
donor_07	3Y	84	1
donor_07	3Y	91	1
donor_07	3Y	88	2
donor_07	3Y	95	1
donor_07	3Y	91	2
donor_07	3Y	90	1
donor_07	3Y	91	1
donor_07	3Y	91	2
donor_07	3Y	89	1
donor_07	3Y	92	2
donor_07	3Y	86	2
donor_07	3Y	90	1
donor_07	3Y	86	2
donor_07	3Y	84	2
donor_07	3Y	88	2
donor_07	3Y	94	1
donor_07	3Y	92	1
donor_07	3Y	94	2
donor_07	3Y	86	2
donor_07	3Y	84	2
donor_07	3Y	86	2
donor_07	3Y	88	2
donor_07	3Y	86	1
donor_07	3Y	88	1
donor_07	3Y	92	1
donor_07	3Y	91	2
donor_07	3Y	90	1
donor_07	3V	91	2
donor_07	3V	87	1
donor_07	3V	97	1
donor_07	3V	86	1
donor_07	3V	91	1
donor_07	3V	93	2
donor_07	3V	90	2
donor_07	3V	92	2
donor_07	3V	86	1
donor_07	3V	90	1
donor_07	3V	93	1
donor_07	3V	88	1
donor_07	3V	89	1
donor_07	3V	89	2
donor_07	3V	90	2
donor_07	3V	88	2
donor_07	3V	94	2
donor_07	3V	86	2
donor_07	3V	92	1
donor_07	3V	91	2
donor_07	3V	89	2
donor_07	3V	91	1
donor_07	3V	95	1
donor_07	3V	93	2
donor_07	3V	95	1
donor_07	3V	87	2
donor_07	3V	88	2
donor_07	3AG	90	1
donor_07	3AG	90	2
donor_07	3AG	86	2
donor_07	3AG	90	1
donor_07	3AG	85	2
donor_07	3AG	90	2
donor_07	3AG	95	2
donor_07	3AG	98	2
donor_07	3AG	95	2
donor_07	3AG	91	2
donor_07	3AG	85	1
donor_07	3AG	89	2
donor_07	3AG	88	2
donor_07	3AG	90	1
donor_07	3AG	89	1
donor_07	3AG	93	2
donor_07	3AG	91	2
donor_07	3AG	88	2
donor_07	3AG	87	1
donor_07	3AG	88	1
donor_07	3AG	91	2
donor_07	3AG	88	1
donor_07	3AG	93	1
donor_07	3AG	91	2
donor_07	3AG	83	2
donor_08	3D	117	1
donor_08	3D	120	2
donor_08	3D	122	1
donor_08	3D	114	1
donor_08	3D	115	1
donor_08	3D	115	1
donor_08	3D	119	2
donor_08	3D	116	2
donor_08	3D	118	1
donor_08	3D	111	2
donor_08	3D	112	1
donor_08	3D	115	1
donor_08	3D	112	2
donor_08	3D	113	2
donor_08	3D	119	2
donor_08	3D	116	2
donor_08	3D	121	1
donor_08	3D	118	2
donor_08	3D	112	1
donor_08	3D	124	2
donor_08	3D	116	1
donor_08	3D	116	2
donor_08	3D	117	1
donor_08	3D	122	1
donor_08	3D	113	1
donor_08	3D	118	2
donor_08	3D	113	1
donor_08	3D	114	2
donor_08	3D	120	1
donor_08	3R	115	1
donor_08	3R	112	1
donor_08	3R	119	2
donor_08	3R	112	2
donor_08	3R	117	2
donor_08	3R	117	1
donor_08	3R	123	1
donor_08	3R	121	1
donor_08	3R	117	2
donor_08	3R	121	1
donor_08	3R	121	1
donor_08	3R	115	2
donor_08	3R	114	2
donor_08	3R	120	2
donor_08	3R	120	2
donor_08	3R	118	1
donor_08	3R	124	2
donor_08	3R	114	2
donor_08	3R	112	1
donor_08	3R	120	1
donor_08	3R	119	2
donor_08	3R	117	1
donor_08	3R	116	2
donor_08	3R	125	1
donor_08	3R	117	2
donor_08	3R	120	1
donor_08	3R	123	2
donor_08	3R	115	1
donor_08	3R	111	2
donor_08	3R	118	2
donor_08	3R	116	2
donor_08	3R	120	1
donor_08	3R	119	2
donor_08	3R	117	1
donor_08	3R	113	1
donor_08	3F	118	2
donor_08	3F	119	1
donor_08	3F	111	1
donor_08	3F	119	1
donor_08	3F	114	1
donor_08	3F	118	2
donor_08	3F	125	2
donor_08	3F	115	1
donor_08	3F	118	2
donor_08	3F	118	2
donor_08	3F	116	1
donor_08	3F	121	1
donor_08	3F	119	2
donor_08	3F	122	1
donor_08	3F	116	2
donor_08	3F	114	1
donor_08	3F	112	1
donor_08	3F	124	1
donor_08	3F	118	2
donor_08	3F	117	2
donor_08	3F	112	2
donor_08	3F	120	2
donor_08	3F	120	2
donor_08	3F	115	1
donor_08	3F	122	1
donor_08	3F	119	2
donor_08	3F	116	1
donor_08	3F	116	1
donor_08	3F	119	1
donor_08	3F	117	2
donor_08	3AA	122	2
donor_08	3AA	117	1
donor_08	3AA	115	1
donor_08	3AA	116	1
donor_08	3AA	116	1
donor_08	3AA	111	1
donor_08	3AA	127	1
donor_08	3AA	118	2
donor_08	3AA	115	1
donor_08	3AA	113	2
donor_08	3AA	116	2
donor_08	3AA	117	2
donor_08	3AA	121	1
donor_08	3AA	113	1
donor_08	3AA	115	2
donor_08	3AA	118	2
donor_08	3AA	125	2
donor_08	3AA	119	1
donor_08	3AA	116	1
donor_08	3AA	115	1
donor_08	3AA	116	2
donor_08	3AA	116	2
donor_08	3AA	118	2
donor_08	3AA	116	1
donor_08	3AA	120	1
donor_08	3AA	121	1
donor_08	3AN	117	1
donor_08	3AN	116	2
donor_08	3AN	113	1
donor_08	3AN	115	2
donor_08	3AN	119	2
donor_08	3AN	119	1
donor_08	3AN	117	2
donor_08	3AN	123	2
donor_08	3AN	119	1
donor_08	3AN	114	1
donor_08	3AN	119	2
donor_08	3AN	115	1
donor_08	3AN	123	2
donor_08	3AN	120	2
donor_08	3AN	118	2
donor_08	3AN	122	2
donor_08	3AN	117	1
donor_08	3AN	118	2
donor_08	3AN	111	1
donor_08	3AN	121	2
donor_08	3AN	118	1
donor_08	3AN	119	1
donor_08	3AN	114	2
donor_08	3AN	119	1
donor_08	3G	114	2
donor_08	3G	115	1
donor_08	3G	115	1
donor_08	3G	116	1
donor_08	3G	121	2
donor_08	3G	114	2
donor_08	3G	118	2
donor_08	3G	117	2
donor_08	3G	115	1
donor_08	3G	110	2
donor_08	3G	116	2
donor_08	3G	117	2
donor_08	3G	116	1
donor_08	3G	120	1
donor_08	3G	114	1
donor_08	3G	115	1
donor_08	3G	118	2
donor_08	3G	117	1
donor_08	3G	119	1
donor_08	3G	116	1
donor_08	3G	115	2
donor_08	3G	116	2
donor_08	3C	116	2
donor_08	3C	118	1
donor_08	3C	118	1
donor_08	3C	114	2
donor_08	3C	115	2
donor_08	3C	113	1
donor_08	3C	111	1
donor_08	3C	109	1
donor_08	3C	120	2
donor_08	3C	127	1
donor_08	3C	122	2
donor_08	3C	117	2
donor_08	3C	117	1
donor_08	3C	118	2
donor_08	3C	117	1
donor_08	3C	125	1
donor_08	3C	118	1
donor_08	3C	117	1
donor_08	3C	119	1
donor_08	3C	111	2
donor_08	3C	114	1
donor_08	3C	123	2
donor_08	3C	121	1
donor_08	3C	117	2
donor_08	3C	116	1
donor_08	3C	121	1
donor_08	3Y	112	1
donor_08	3Y	118	1
donor_08	3Y	118	2
donor_08	3Y	119	2
donor_08	3Y	113	2
donor_08	3Y	121	1
donor_08	3Y	117	2
donor_08	3Y	113	2
donor_08	3Y	120	2
donor_08	3Y	125	2
donor_08	3Y	122	2
donor_08	3Y	113	2
donor_08	3Y	119	2
donor_08	3Y	113	2
donor_08	3Y	117	2
donor_08	3Y	115	2
donor_08	3Y	120	1
donor_08	3Y	119	2
donor_08	3Y	113	2
donor_08	3Y	115	1
donor_08	3Y	117	1
donor_08	3Y	119	1
donor_08	3Y	119	1
donor_08	3Y	114	2
donor_08	3Y	118	1
donor_08	3Y	118	1
donor_08	3Y	121	2
donor_08	3Y	119	1
donor_08	3Y	116	2
donor_08	3Y	121	2
donor_08	3Y	116	2
donor_08	3V	119	2
donor_08	3V	122	2
donor_08	3V	117	2
donor_08	3V	127	1
donor_08	3V	114	2
donor_08	3V	115	1
donor_08	3V	120	2
donor_08	3V	115	2
donor_08	3V	120	2
donor_08	3V	119	2
donor_08	3V	119	2
donor_08	3V	121	1
donor_08	3V	109	2
donor_08	3V	116	1
donor_08	3V	120	2
donor_08	3V	114	2
donor_08	3V	112	2
donor_08	3V	118	1
donor_08	3V	117	2
donor_08	3V	116	1
donor_08	3V	117	1
donor_08	3V	116	2
donor_08	3V	113	2
donor_08	3V	116	1
donor_08	3AG	114	2
donor_08	3AG	115	2
donor_08	3AG	120	1
donor_08	3AG	113	2
donor_08	3AG	114	1
donor_08	3AG	120	1
donor_08	3AG	112	1
donor_08	3AG	122	2
donor_08	3AG	114	2
donor_08	3AG	120	2
donor_08	3AG	115	1
donor_08	3AG	115	1
donor_08	3AG	116	2
donor_08	3AG	121	2
donor_08	3AG	113	1
donor_08	3AG	111	1
donor_08	3AG	114	2
donor_08	3AG	121	2
donor_08	3AG	115	1
donor_08	3AG	120	2
donor_08	3AG	118	2
donor_08	3AG	113	1
donor_08	3AG	115	2
donor_08	3AG	121	1
donor_08	3AG	114	1
donor_08	3AG	119	1
donor_08	3AG	119	2
donor_08	3AG	113	1
donor_08	3AG	120	2
donor_08	3AG	122	1
donor_08	3AG	117	1
donor_08	3AG	114	1
donor_09	3D	106	1
donor_09	3D	107	1
donor_09	3D	104	1
donor_09	3D	111	2
donor_09	3D	112	1
donor_09	3D	109	1
donor_09	3D	110	2
donor_09	3D	104	2
donor_09	3D	116	2
donor_09	3D	103	2
donor_09	3D	113	2
donor_09	3D	103	1
donor_09	3D	104	2
donor_09	3D	104	2
donor_09	3D	103	1
donor_09	3D	110	2
donor_09	3D	107	2
donor_09	3D	104	1
donor_09	3D	103	1
donor_09	3D	109	1
donor_09	3D	108	2
donor_09	3D	104	1
donor_09	3D	114	1
donor_09	3D	117	2
donor_09	3D	106	2
donor_09	3D	108	2
donor_09	3D	108	1
donor_09	3D	108	2
donor_09	3D	108	1
donor_09	3D	110	2
donor_09	3D	106	1
donor_09	3D	107	1
donor_09	3D	106	2
donor_09	3D	108	1
donor_09	3R	111	1
donor_09	3R	105	1
donor_09	3R	109	2
donor_09	3R	104	1
donor_09	3R	112	1
donor_09	3R	112	2
donor_09	3R	103	1
donor_09	3R	108	1
donor_09	3R	112	1
donor_09	3R	105	1
donor_09	3R	99	2
donor_09	3R	113	2
donor_09	3R	103	1
donor_09	3R	111	1
donor_09	3R	107	1
donor_09	3R	100	1
donor_09	3R	107	1
donor_09	3R	106	2
donor_09	3R	111	2
donor_09	3R	105	1
donor_09	3R	111	1
donor_09	3R	104	1
donor_09	3R	105	1
donor_09	3R	111	2
donor_09	3R	112	2
donor_09	3F	112	1
donor_09	3F	105	2
donor_09	3F	109	1
donor_09	3F	109	2
donor_09	3F	105	1
donor_09	3F	109	2
donor_09	3F	106	1
donor_09	3F	110	2
donor_09	3F	106	2
donor_09	3F	105	2
donor_09	3F	110	2
donor_09	3F	107	1
donor_09	3F	109	2
donor_09	3F	105	2
donor_09	3F	108	1
donor_09	3F	104	2
donor_09	3F	113	2
donor_09	3F	107	1
donor_09	3F	103	2
donor_09	3F	101	2
donor_09	3F	109	2
donor_09	3F	109	1
donor_09	3AA	102	1
donor_09	3AA	111	1
donor_09	3AA	105	2
donor_09	3AA	111	1
donor_09	3AA	105	2
donor_09	3AA	103	2
donor_09	3AA	112	1
donor_09	3AA	104	1
donor_09	3AA	106	2
donor_09	3AA	106	2
donor_09	3AA	98	2
donor_09	3AA	106	2
donor_09	3AA	110	2
donor_09	3AA	106	2
donor_09	3AA	110	1
donor_09	3AA	107	1
donor_09	3AA	109	1
donor_09	3AA	111	1
donor_09	3AA	110	2
donor_09	3AA	106	2
donor_09	3AA	110	2
donor_09	3AA	107	2
donor_09	3AA	104	1
donor_09	3AA	107	1
donor_09	3AA	107	1
donor_09	3AA	108	1
donor_09	3AA	106	2
donor_09	3AA	108	2
donor_09	3AA	111	1
donor_09	3AA	102	2
donor_09	3AA	106	2
donor_09	3AA	107	1
donor_09	3AA	107	1
donor_09	3AA	106	2
donor_09	3AN	108	1
donor_09	3AN	110	1
donor_09	3AN	105	1
donor_09	3AN	110	1
donor_09	3AN	104	1
donor_09	3AN	107	1
donor_09	3AN	112	1
donor_09	3AN	103	1
donor_09	3AN	108	2
donor_09	3AN	103	2
donor_09	3AN	114	1
donor_09	3AN	106	1
donor_09	3AN	105	2
donor_09	3AN	107	2
donor_09	3AN	106	1
donor_09	3AN	111	2
donor_09	3AN	100	2
donor_09	3AN	107	1
donor_09	3AN	102	1
donor_09	3AN	101	1
donor_09	3AN	113	1
donor_09	3AN	110	2
donor_09	3AN	107	1
donor_09	3AN	111	2
donor_09	3AN	102	1
donor_09	3AN	108	1
donor_09	3AN	104	2
donor_09	3AN	109	1
donor_09	3AN	102	1
donor_09	3AN	113	2
donor_09	3AN	107	1
donor_09	3AN	109	2
donor_09	3AN	109	1
donor_09	3AN	98	1
donor_09	3G	102	2
donor_09	3G	106	2
donor_09	3G	108	2
donor_09	3G	109	2
donor_09	3G	108	1
donor_09	3G	108	2
donor_09	3G	108	2
donor_09	3G	107	2
donor_09	3G	104	2
donor_09	3G	103	1
donor_09	3G	105	2
donor_09	3G	108	1
donor_09	3G	106	2
donor_09	3G	114	1
donor_09	3G	107	1
donor_09	3G	111	2
donor_09	3G	110	2
donor_09	3G	110	2
donor_09	3G	110	2
donor_09	3G	105	1
donor_09	3G	107	2
donor_09	3G	107	2
donor_09	3G	108	2
donor_09	3G	114	1
donor_09	3G	113	1
donor_09	3G	107	2
donor_09	3G	111	1
donor_09	3G	116	2
donor_09	3C	107	2
donor_09	3C	111	1
donor_09	3C	110	2
donor_09	3C	106	1
donor_09	3C	109	1
donor_09	3C	103	2
donor_09	3C	109	2
donor_09	3C	105	2
donor_09	3C	104	2
donor_09	3C	106	2
donor_09	3C	108	2
donor_09	3C	107	2
donor_09	3C	105	2
donor_09	3C	101	1
donor_09	3C	110	1
donor_09	3C	106	2
donor_09	3C	108	1
donor_09	3C	105	1
donor_09	3C	108	1
donor_09	3C	111	2
donor_09	3C	108	2
donor_09	3C	104	2
donor_09	3C	105	1
donor_09	3C	111	2
donor_09	3C	104	2
donor_09	3C	104	1
donor_09	3C	101	1
donor_09	3C	111	1
donor_09	3C	108	2
donor_09	3C	108	2
donor_09	3C	108	1
donor_09	3C	106	2
donor_09	3C	109	2
donor_09	3C	110	1
donor_09	3C	109	1
donor_09	3C	110	1
donor_09	3C	117	2
donor_09	3C	105	1
donor_09	3C	105	2
donor_09	3C	106	1
donor_09	3C	102	1
donor_09	3C	108	1
donor_09	3C	107	1
donor_09	3C	109	2
donor_09	3C	106	1
donor_09	3C	110	2
donor_09	3Y	104	1
donor_09	3Y	111	1
donor_09	3Y	111	1
donor_09	3Y	111	1
donor_09	3Y	110	1
donor_09	3Y	106	2
donor_09	3Y	104	1
donor_09	3Y	106	1
donor_09	3Y	109	2
donor_09	3Y	102	2
donor_09	3Y	109	2
donor_09	3Y	101	2
donor_09	3Y	102	1
donor_09	3Y	107	1
donor_09	3Y	105	1
donor_09	3Y	109	2
donor_09	3Y	110	2
donor_09	3Y	109	1
donor_09	3Y	105	1
donor_09	3Y	104	2
donor_09	3Y	109	1
donor_09	3Y	113	2
donor_09	3Y	109	1
donor_09	3Y	104	1
donor_09	3Y	107	1
donor_09	3Y	103	2
donor_09	3V	106	2
donor_09	3V	109	2
donor_09	3V	107	2
donor_09	3V	100	1
donor_09	3V	109	2
donor_09	3V	105	2
donor_09	3V	107	1
donor_09	3V	106	1
donor_09	3V	110	2
donor_09	3V	105	2
donor_09	3V	109	2
donor_09	3V	108	1
donor_09	3V	110	2
donor_09	3V	107	2
donor_09	3V	103	1
donor_09	3V	110	2
donor_09	3V	108	1
donor_09	3V	103	1
donor_09	3V	107	2
donor_09	3V	107	1
donor_09	3V	99	2
donor_09	3V	105	2
donor_09	3V	102	2
donor_09	3V	109	2
donor_09	3V	106	2
donor_09	3V	106	1
donor_09	3V	106	1
donor_09	3V	106	1
donor_09	3V	108	2
donor_09	3V	113	2
donor_09	3AG	108	2
donor_09	3AG	103	2
donor_09	3AG	110	2
donor_09	3AG	110	2
donor_09	3AG	106	2
donor_09	3AG	113	2
donor_09	3AG	110	2
donor_09	3AG	104	1
donor_09	3AG	106	1
donor_09	3AG	108	1
donor_09	3AG	112	1
donor_09	3AG	103	1
donor_09	3AG	108	2
donor_09	3AG	104	2
donor_09	3AG	101	2
donor_09	3AG	107	1
donor_09	3AG	107	1
donor_09	3AG	114	2
donor_09	3AG	108	1
donor_09	3AG	107	2
donor_09	3AG	105	1
donor_09	3AG	106	2
donor_09	3AG	105	1
donor_09	3AG	108	2
donor_09	3AG	105	1
donor_09	3AG	109	2
donor_09	3AG	106	2
donor_09	3AG	110	2
donor_09	3AG	110	1
donor_09	3AG	110	1
donor_09	3AG	105	1
donor_10	3D	96	2
donor_10	3D	101	1
donor_10	3D	102	1
donor_10	3D	100	2
donor_10	3D	101	2
donor_10	3D	103	2
donor_10	3D	102	2
donor_10	3D	103	1
donor_10	3D	101	1
donor_10	3D	103	2
donor_10	3D	104	2
donor_10	3D	103	2
donor_10	3D	106	2
donor_10	3D	109	2
donor_10	3D	101	2
donor_10	3D	105	1
donor_10	3D	101	1
donor_10	3D	104	2
donor_10	3D	105	1
donor_10	3D	101	1
donor_10	3D	101	2
donor_10	3D	106	2
donor_10	3D	105	1
donor_10	3D	106	2
donor_10	3D	105	2
donor_10	3D	106	1
donor_10	3D	93	1
donor_10	3D	102	2
donor_10	3D	102	2
donor_10	3D	98	2
donor_10	3D	111	2
donor_10	3D	102	2
donor_10	3R	102	2
donor_10	3R	103	1
donor_10	3R	104	2
donor_10	3R	106	2
donor_10	3R	99	2
donor_10	3R	107	1
donor_10	3R	102	2
donor_10	3R	100	2
donor_10	3R	98	2
donor_10	3R	106	1
donor_10	3R	104	1
donor_10	3R	107	1
donor_10	3R	107	1
donor_10	3R	102	2
donor_10	3R	100	2
donor_10	3R	107	2
donor_10	3R	102	2
donor_10	3R	103	2
donor_10	3R	106	1
donor_10	3R	102	1
donor_10	3R	103	2
donor_10	3R	101	1
donor_10	3R	107	2
donor_10	3R	98	1
donor_10	3R	98	1
donor_10	3R	103	1
donor_10	3R	104	1
donor_10	3R	103	2
donor_10	3F	100	1
donor_10	3F	106	1
donor_10	3F	97	1
donor_10	3F	106	2
donor_10	3F	107	1
donor_10	3F	104	2
donor_10	3F	105	1
donor_10	3F	106	1
donor_10	3F	105	1
donor_10	3F	106	1
donor_10	3F	109	1
donor_10	3F	105	2
donor_10	3F	99	2
donor_10	3F	100	2
donor_10	3F	102	1
donor_10	3F	106	1
donor_10	3F	107	2
donor_10	3F	99	1
donor_10	3F	101	2
donor_10	3F	107	2
donor_10	3F	107	2
donor_10	3AA	100	2
donor_10	3AA	100	2
donor_10	3AA	101	2
donor_10	3AA	102	1
donor_10	3AA	98	2
donor_10	3AA	103	1
donor_10	3AA	103	2
donor_10	3AA	108	1
donor_10	3AA	102	1
donor_10	3AA	100	2
donor_10	3AA	104	2
donor_10	3AA	106	2
donor_10	3AA	108	1
donor_10	3AA	103	1
donor_10	3AA	100	2
donor_10	3AA	102	2
donor_10	3AA	103	2
donor_10	3AA	106	1
donor_10	3AA	106	1
donor_10	3AA	105	1
donor_10	3AA	99	1
donor_10	3AA	103	2
donor_10	3AA	106	2
donor_10	3AA	102	1
donor_10	3AA	105	1
donor_10	3AA	105	2
donor_10	3AA	104	2
donor_10	3AA	104	1
donor_10	3AN	105	1
donor_10	3AN	104	1
donor_10	3AN	103	1
donor_10	3AN	105	1
donor_10	3AN	102	2
donor_10	3AN	100	2
donor_10	3AN	102	1
donor_10	3AN	106	1
donor_10	3AN	103	1
donor_10	3AN	98	1
donor_10	3AN	107	2
donor_10	3AN	104	1
donor_10	3AN	103	1
donor_10	3AN	96	1
donor_10	3AN	108	1
donor_10	3AN	106	2
donor_10	3AN	102	2
donor_10	3AN	108	2
donor_10	3AN	98	1
donor_10	3AN	96	1
donor_10	3AN	105	2
donor_10	3AN	103	1
donor_10	3AN	103	1
donor_10	3AN	106	2
donor_10	3AN	99	2
donor_10	3AN	104	2
donor_10	3AN	98	2
donor_10	3AN	100	2
donor_10	3AN	101	1
donor_10	3AN	102	1
donor_10	3AN	108	1
donor_10	3AN	109	1
donor_10	3AN	99	2
donor_10	3AN	105	2
donor_10	3AN	101	1
donor_10	3AN	99	1
donor_10	3AN	104	1
donor_10	3AN	109	2
donor_10	3G	103	1
donor_10	3G	104	2
donor_10	3G	107	2
donor_10	3G	103	2
donor_10	3G	101	1
donor_10	3G	103	1
donor_10	3G	101	1
donor_10	3G	109	2
donor_10	3G	101	2
donor_10	3G	106	2
donor_10	3G	102	2
donor_10	3G	100	2
donor_10	3G	96	1
donor_10	3G	100	2
donor_10	3G	104	2
donor_10	3G	102	2
donor_10	3G	98	2
donor_10	3G	106	2
donor_10	3G	109	1
donor_10	3G	105	1
donor_10	3G	101	1
donor_10	3G	98	1
donor_10	3G	103	2
donor_10	3G	107	2
donor_10	3G	106	2
donor_10	3G	105	1
donor_10	3G	104	1
donor_10	3G	103	1
donor_10	3G	102	2
donor_10	3G	102	2
donor_10	3G	103	2
donor_10	3G	105	1
donor_10	3G	103	1
donor_10	3G	105	2
donor_10	3G	101	2
donor_10	3G	105	1
donor_10	3G	103	1
donor_10	3G	102	2
donor_10	3C	104	1
donor_10	3C	104	1
donor_10	3C	106	2
donor_10	3C	104	2
donor_10	3C	102	1
donor_10	3C	106	1
donor_10	3C	106	1
donor_10	3C	103	2
donor_10	3C	104	1
donor_10	3C	99	2
donor_10	3C	101	1
donor_10	3C	100	2
donor_10	3C	102	1
donor_10	3C	108	2
donor_10	3C	104	2
donor_10	3C	102	1
donor_10	3C	103	2
donor_10	3C	103	1
donor_10	3C	100	2
donor_10	3C	103	1
donor_10	3C	101	2
donor_10	3C	108	2
donor_10	3C	101	2
donor_10	3C	102	1
donor_10	3C	102	2
donor_10	3C	103	1
donor_10	3C	100	2
donor_10	3C	105	2
donor_10	3C	100	1
donor_10	3C	103	2
donor_10	3C	105	1
donor_10	3C	106	2
donor_10	3C	106	2
donor_10	3C	100	1
donor_10	3C	104	1
donor_10	3Y	105	2
donor_10	3Y	99	1
donor_10	3Y	102	1
donor_10	3Y	98	2
donor_10	3Y	99	1
donor_10	3Y	97	1
donor_10	3Y	105	1
donor_10	3Y	105	1
donor_10	3Y	106	2
donor_10	3Y	113	2
donor_10	3Y	100	2
donor_10	3Y	103	1
donor_10	3Y	102	1
donor_10	3Y	112	2
donor_10	3Y	102	1
donor_10	3Y	107	1
donor_10	3Y	101	2
donor_10	3Y	104	2
donor_10	3Y	106	2
donor_10	3Y	102	1
donor_10	3Y	108	1
donor_10	3Y	99	2
donor_10	3Y	101	2
donor_10	3Y	103	1
donor_10	3Y	103	2
donor_10	3Y	103	2
donor_10	3Y	100	1
donor_10	3Y	104	2
donor_10	3Y	100	2
donor_10	3Y	109	2
donor_10	3Y	106	2
donor_10	3Y	105	2
donor_10	3Y	101	2
donor_10	3Y	103	1
donor_10	3Y	105	1
donor_10	3V	98	1
donor_10	3V	107	2
donor_10	3V	101	2
donor_10	3V	106	2
donor_10	3V	101	1
donor_10	3V	103	1
donor_10	3V	104	1
donor_10	3V	102	1
donor_10	3V	105	2
donor_10	3V	100	1
donor_10	3V	97	1
donor_10	3V	103	2
donor_10	3V	105	2
donor_10	3V	104	1
donor_10	3V	98	1
donor_10	3V	99	1
donor_10	3V	98	2
donor_10	3V	104	1
donor_10	3V	107	1
donor_10	3V	100	1
donor_10	3V	95	2
donor_10	3V	97	2
donor_10	3V	101	1
donor_10	3V	107	1
donor_10	3V	106	1
donor_10	3V	104	2
donor_10	3V	104	2
donor_10	3V	106	2
donor_10	3V	104	1
donor_10	3V	102	1
donor_10	3V	106	1
donor_10	3V	96	1
donor_10	3V	102	1
donor_10	3V	102	1
donor_10	3V	98	1
donor_10	3V	110	1
donor_10	3V	101	2
donor_10	3AG	95	1
donor_10	3AG	102	2
donor_10	3AG	102	1
donor_10	3AG	104	2
donor_10	3AG	99	2
donor_10	3AG	106	1
donor_10	3AG	107	2
donor_10	3AG	101	2
donor_10	3AG	102	2
donor_10	3AG	102	1
donor_10	3AG	102	2
donor_10	3AG	104	2
donor_10	3AG	108	1
donor_10	3AG	108	1
donor_10	3AG	106	1
donor_10	3AG	102	1
donor_10	3AG	104	1
donor_10	3AG	102	2
donor_10	3AG	103	1
donor_10	3AG	104	2
donor_10	3AG	100	1
donor_10	3AG	105	2
donor_10	3AG	100	2
donor_10	3AG	94	1
donor_10	3AG	100	2
donor_10	3AG	103	2
donor_10	3AG	102	1
donor_10	3AG	101	2
donor_10	3AG	100	1
donor_10	3AG	106	2
donor_10	3AG	101	1
donor_11	3D	95	1
donor_11	3D	99	1
donor_11	3D	95	2
donor_11	3D	185	1
donor_11	3D	95	2
donor_11	3D	97	1
donor_11	3D	192	1
donor_11	3D	96	1
donor_11	3D	98	1
donor_11	3D	98	1
donor_11	3D	196	1
donor_11	3D	106	2
donor_11	3D	98	2
donor_11	3D	96	1
donor_11	3D	97	1
donor_11	3D	151	2
donor_11	3D	96	2
donor_11	3D	102	1
donor_11	3D	101	1
donor_11	3D	130	2
donor_11	3D	98	1
donor_11	3D	97	2
donor_11	3D	95	2
donor_11	3D	99	2
donor_11	3D	93	2
donor_11	3D	103	2
donor_11	3D	104	1
donor_11	3R	99	1
donor_11	3R	96	2
donor_11	3R	91	2
donor_11	3R	101	1
donor_11	3R	96	1
donor_11	3R	95	1
donor_11	3R	94	2
donor_11	3R	99	2
donor_11	3R	90	1
donor_11	3R	98	2
donor_11	3R	96	1
donor_11	3R	96	1
donor_11	3R	97	1
donor_11	3R	97	1
donor_11	3R	103	2
donor_11	3R	96	2
donor_11	3R	98	1
donor_11	3R	97	2
donor_11	3R	98	2
donor_11	3R	94	2
donor_11	3R	96	2
donor_11	3R	95	2
donor_11	3R	99	2
donor_11	3R	98	1
donor_11	3R	99	2
donor_11	3R	100	1
donor_11	3F	93	1
donor_11	3F	100	1
donor_11	3F	97	2
donor_11	3F	93	2
donor_11	3F	92	2
donor_11	3F	99	1
donor_11	3F	99	1
donor_11	3F	104	1
donor_11	3F	100	1
donor_11	3F	102	1
donor_11	3F	102	1
donor_11	3F	97	1
donor_11	3F	98	1
donor_11	3F	100	2
donor_11	3F	104	2
donor_11	3F	99	2
donor_11	3F	104	1
donor_11	3F	100	2
donor_11	3F	100	2
donor_11	3F	93	2
donor_11	3F	98	1
donor_11	3F	97	1
donor_11	3F	97	1
donor_11	3F	96	2
donor_11	3F	98	1
donor_11	3F	95	2
donor_11	3F	97	1
donor_11	3F	97	1
donor_11	3F	96	2
donor_11	3F	98	2
donor_11	3F	101	2
donor_11	3F	104	1
donor_11	3F	103	2
donor_11	3AA	97	1
donor_11	3AA	94	2
donor_11	3AA	93	1
donor_11	3AA	97	2
donor_11	3AA	96	2
donor_11	3AA	99	2
donor_11	3AA	101	1
donor_11	3AA	96	1
donor_11	3AA	99	1
donor_11	3AA	99	1
donor_11	3AA	96	1
donor_11	3AA	97	1
donor_11	3AA	96	1
donor_11	3AA	100	1
donor_11	3AA	96	1
donor_11	3AA	99	2
donor_11	3AA	99	2
donor_11	3AA	97	1
donor_11	3AA	105	1
donor_11	3AA	96	2
donor_11	3AA	97	2
donor_11	3AA	97	2
donor_11	3AA	95	2
donor_11	3AA	102	1
donor_11	3AA	94	1
donor_11	3AA	97	1
donor_11	3AA	101	1
donor_11	3AA	100	2
donor_11	3AA	94	2
donor_11	3AN	97	1
donor_11	3AN	98	2
donor_11	3AN	95	2
donor_11	3AN	100	2
donor_11	3AN	99	2
donor_11	3AN	99	1
donor_11	3AN	101	2
donor_11	3AN	95	2
donor_11	3AN	95	1
donor_11	3AN	101	1
donor_11	3AN	99	1
donor_11	3AN	98	1
donor_11	3AN	98	2
donor_11	3AN	98	1
donor_11	3AN	99	1
donor_11	3AN	93	1
donor_11	3AN	99	2
donor_11	3AN	92	2
donor_11	3AN	96	1
donor_11	3AN	94	2
donor_11	3AN	97	2
donor_11	3AN	94	2
donor_11	3AN	102	2
donor_11	3AN	98	2
donor_11	3AN	103	1
donor_11	3AN	99	1
donor_11	3AN	100	1
donor_11	3AN	92	2
donor_11	3AN	95	1
donor_11	3G	97	1
donor_11	3G	99	2
donor_11	3G	105	2
donor_11	3G	106	1
donor_11	3G	105	1
donor_11	3G	97	1
donor_11	3G	100	2
donor_11	3G	97	1
donor_11	3G	95	1
donor_11	3G	100	2
donor_11	3G	95	2
donor_11	3G	99	1
donor_11	3G	97	2
donor_11	3G	97	2
donor_11	3G	101	2
donor_11	3G	99	2
donor_11	3G	100	1
donor_11	3G	96	1
donor_11	3G	101	2
donor_11	3G	99	2
donor_11	3G	99	1
donor_11	3G	96	2
donor_11	3G	98	1
donor_11	3G	96	2
donor_11	3C	96	1
donor_11	3C	97	1
donor_11	3C	94	2
donor_11	3C	105	2
donor_11	3C	94	2
donor_11	3C	95	1
donor_11	3C	100	1
donor_11	3C	96	2
donor_11	3C	101	1
donor_11	3C	96	1
donor_11	3C	95	1
donor_11	3C	97	1
donor_11	3C	107	2
donor_11	3C	100	1
donor_11	3C	93	1
donor_11	3C	97	2
donor_11	3C	103	1
donor_11	3C	97	1
donor_11	3C	102	2
donor_11	3C	96	2
donor_11	3C	101	2
donor_11	3C	99	1
donor_11	3C	102	1
donor_11	3C	95	1
donor_11	3C	95	2
donor_11	3C	95	2
donor_11	3C	95	2
donor_11	3Y	99	1
donor_11	3Y	100	2
donor_11	3Y	92	1
donor_11	3Y	94	1
donor_11	3Y	100	2
donor_11	3Y	97	2
donor_11	3Y	99	1
donor_11	3Y	97	2
donor_11	3Y	96	1
donor_11	3Y	97	1
donor_11	3Y	97	2
donor_11	3Y	97	1
donor_11	3Y	99	2
donor_11	3Y	92	2
donor_11	3Y	93	1
donor_11	3Y	96	2
donor_11	3Y	103	2
donor_11	3Y	102	1
donor_11	3Y	105	1
donor_11	3Y	100	1
donor_11	3Y	99	2
donor_11	3Y	97	1
donor_11	3Y	99	2
donor_11	3Y	104	2
donor_11	3Y	97	2
donor_11	3Y	95	1
donor_11	3Y	100	2
donor_11	3Y	105	2
donor_11	3Y	97	1
donor_11	3Y	98	1
donor_11	3Y	103	2
donor_11	3Y	100	2
donor_11	3Y	98	2
donor_11	3Y	98	1
donor_11	3Y	97	2
donor_11	3Y	98	2
donor_11	3Y	99	1
donor_11	3Y	95	1
donor_11	3Y	94	1
donor_11	3V	98	2
donor_11	3V	95	1
donor_11	3V	102	1
donor_11	3V	100	2
donor_11	3V	95	2
donor_11	3V	100	1
donor_11	3V	98	1
donor_11	3V	98	2
donor_11	3V	102	1
donor_11	3V	101	2
donor_11	3V	98	1
donor_11	3V	97	1
donor_11	3V	97	2
donor_11	3V	95	1
donor_11	3V	94	1
donor_11	3V	100	2
donor_11	3V	98	2
donor_11	3V	94	2
donor_11	3V	93	1
donor_11	3V	92	1
donor_11	3V	100	2
donor_11	3V	97	1
donor_11	3V	100	1
donor_11	3V	99	1
donor_11	3V	96	1
donor_11	3V	98	2
donor_11	3V	101	1
donor_11	3V	98	2
donor_11	3V	104	2
donor_11	3AG	100	2
donor_11	3AG	96	1
donor_11	3AG	98	1
donor_11	3AG	97	1
donor_11	3AG	97	2
donor_11	3AG	93	2
donor_11	3AG	94	2
donor_11	3AG	91	2
donor_11	3AG	104	1
donor_11	3AG	94	2
donor_11	3AG	100	2
donor_11	3AG	97	1
donor_11	3AG	104	1
donor_11	3AG	99	1
donor_11	3AG	93	1
donor_11	3AG	96	1
donor_11	3AG	96	1
donor_11	3AG	101	2
donor_11	3AG	92	1
donor_11	3AG	97	2
donor_11	3AG	97	2
donor_11	3AG	101	1
donor_11	3AG	97	2
donor_11	3AG	96	2
donor_11	3AG	97	1
donor_11	3AG	101	2
donor_11	3AG	99	1
donor_11	3AG	95	2
donor_11	3AG	102	1
donor_12	3D	91	1
donor_12	3D	84	2
donor_12	3D	87	1
donor_12	3D	91	1
donor_12	3D	89	1
donor_12	3D	87	1
donor_12	3D	84	2
donor_12	3D	84	2
donor_12	3D	185	1
donor_12	3D	92	2
donor_12	3D	90	1
donor_12	3D	80	1
donor_12	3D	88	2
donor_12	3D	82	2
donor_12	3D	94	1
donor_12	3D	87	2
donor_12	3D	87	1
donor_12	3D	93	1
donor_12	3D	178	1
donor_12	3D	91	2
donor_12	3D	89	1
donor_12	3D	83	2
donor_12	3D	154	2
donor_12	3D	88	1
donor_12	3D	88	2
donor_12	3D	88	2
donor_12	3D	91	1
donor_12	3D	122	1
donor_12	3D	92	1
donor_12	3D	140	2
donor_12	3R	92	2
donor_12	3R	85	1
donor_12	3R	86	2
donor_12	3R	79	1
donor_12	3R	91	1
donor_12	3R	93	1
donor_12	3R	85	1
donor_12	3R	92	1
donor_12	3R	84	1
donor_12	3R	86	1
donor_12	3R	89	1
donor_12	3R	86	1
donor_12	3R	91	2
donor_12	3R	83	1
donor_12	3R	89	1
donor_12	3R	87	1
donor_12	3R	91	1
donor_12	3R	84	1
donor_12	3R	90	2
donor_12	3R	87	2
donor_12	3R	89	2
donor_12	3R	90	1
donor_12	3R	90	2
donor_12	3R	86	2
donor_12	3R	89	1
donor_12	3R	95	1
donor_12	3F	93	1
donor_12	3F	87	2
donor_12	3F	81	2
donor_12	3F	88	1
donor_12	3F	89	1
donor_12	3F	85	2
donor_12	3F	90	2
donor_12	3F	93	2
donor_12	3F	91	2
donor_12	3F	88	1
donor_12	3F	87	1
donor_12	3F	89	1
donor_12	3F	86	1
donor_12	3F	82	2
donor_12	3F	93	1
donor_12	3F	92	1
donor_12	3F	88	1
donor_12	3F	84	1
donor_12	3F	84	2
donor_12	3F	86	1
donor_12	3F	89	2
donor_12	3F	91	1
donor_12	3F	87	2
donor_12	3F	87	1
donor_12	3F	88	2
donor_12	3F	89	1
donor_12	3F	88	2
donor_12	3F	91	2
donor_12	3F	83	1
donor_12	3F	90	1
donor_12	3F	97	1
donor_12	3F	88	2
donor_12	3F	88	1
donor_12	3F	90	1
donor_12	3F	91	1
donor_12	3F	94	2
donor_12	3F	90	2
donor_12	3F	85	1
donor_12	3AA	91	1
donor_12	3AA	89	2
donor_12	3AA	85	2
donor_12	3AA	91	2
donor_12	3AA	93	2
donor_12	3AA	91	2
donor_12	3AA	90	1
donor_12	3AA	90	2
donor_12	3AA	87	2
donor_12	3AA	92	1
donor_12	3AA	88	2
donor_12	3AA	85	1
donor_12	3AA	88	2
donor_12	3AA	92	2
donor_12	3AA	91	2
donor_12	3AA	92	2
donor_12	3AA	93	1
donor_12	3AA	88	2
donor_12	3AA	89	2
donor_12	3AA	88	2
donor_12	3AN	94	1
donor_12	3AN	96	2
donor_12	3AN	89	2
donor_12	3AN	89	2
donor_12	3AN	90	1
donor_12	3AN	88	2
donor_12	3AN	92	2
donor_12	3AN	86	1
donor_12	3AN	91	2
donor_12	3AN	91	1
donor_12	3AN	91	2
donor_12	3AN	93	1
donor_12	3AN	91	1
donor_12	3AN	95	2
donor_12	3AN	90	1
donor_12	3AN	86	2
donor_12	3AN	93	1
donor_12	3AN	91	1
donor_12	3AN	91	2
donor_12	3AN	88	1
donor_12	3AN	84	2
donor_12	3AN	86	1
donor_12	3AN	88	2
donor_12	3AN	91	1
donor_12	3AN	91	2
donor_12	3AN	87	2
donor_12	3AN	90	2
donor_12	3G	86	2
donor_12	3G	93	2
donor_12	3G	89	1
donor_12	3G	95	2
donor_12	3G	90	2
donor_12	3G	98	2
donor_12	3G	88	1
donor_12	3G	90	2
donor_12	3G	89	1
donor_12	3G	87	2
donor_12	3G	85	2
donor_12	3G	88	1
donor_12	3G	90	2
donor_12	3G	92	2
donor_12	3G	87	1
donor_12	3G	92	1
donor_12	3G	87	2
donor_12	3G	91	1
donor_12	3G	92	1
donor_12	3G	94	2
donor_12	3G	92	1
donor_12	3G	83	2
donor_12	3G	87	1
donor_12	3G	85	1
donor_12	3G	88	2
donor_12	3G	86	2
donor_12	3G	91	1
donor_12	3G	94	1
donor_12	3G	91	1
donor_12	3G	88	1
donor_12	3G	88	1
donor_12	3G	91	1
donor_12	3G	89	2
donor_12	3G	87	2
donor_12	3G	92	1
donor_12	3G	86	2
donor_12	3G	85	2
donor_12	3G	88	2
donor_12	3G	92	1
donor_12	3G	88	2
donor_12	3G	90	2
donor_12	3G	86	1
donor_12	3G	94	2
donor_12	3G	86	2
donor_12	3C	92	1
donor_12	3C	95	1
donor_12	3C	89	1
donor_12	3C	95	2
donor_12	3C	86	2
donor_12	3C	90	2
donor_12	3C	87	2
donor_12	3C	89	1
donor_12	3C	90	1
donor_12	3C	89	2
donor_12	3C	90	1
donor_12	3C	89	1
donor_12	3C	84	1
donor_12	3C	85	1
donor_12	3C	88	1
donor_12	3C	94	1
donor_12	3C	95	2
donor_12	3C	92	2
donor_12	3C	89	1
donor_12	3C	88	1
donor_12	3C	90	2
donor_12	3C	88	1
donor_12	3C	90	1
donor_12	3C	83	1
donor_12	3C	87	1
donor_12	3C	85	1
donor_12	3C	89	2
donor_12	3Y	84	1
donor_12	3Y	87	2
donor_12	3Y	89	1
donor_12	3Y	93	1
donor_12	3Y	91	1
donor_12	3Y	86	2
donor_12	3Y	90	1
donor_12	3Y	87	2
donor_12	3Y	88	2
donor_12	3Y	97	2
donor_12	3Y	87	1
donor_12	3Y	91	1
donor_12	3Y	85	2
donor_12	3Y	91	2
donor_12	3Y	90	2
donor_12	3Y	85	1
donor_12	3Y	92	1
donor_12	3Y	85	2
donor_12	3Y	88	2
donor_12	3Y	96	2
donor_12	3Y	93	1
donor_12	3Y	87	1
donor_12	3Y	90	1
donor_12	3Y	86	1
donor_12	3Y	86	1
donor_12	3Y	86	2
donor_12	3Y	88	1
donor_12	3Y	89	1
donor_12	3Y	84	1
donor_12	3Y	84	2
donor_12	3Y	85	2
donor_12	3Y	90	2
donor_12	3Y	93	1
donor_12	3Y	89	1
donor_12	3Y	93	1
donor_12	3Y	87	1
donor_12	3V	92	1
donor_12	3V	87	2
donor_12	3V	93	1
donor_12	3V	92	1
donor_12	3V	84	2
donor_12	3V	83	2
donor_12	3V	88	2
donor_12	3V	88	1
donor_12	3V	89	2
donor_12	3V	93	1
donor_12	3V	90	1
donor_12	3V	89	1
donor_12	3V	97	2
donor_12	3V	95	2
donor_12	3V	85	1
donor_12	3V	90	1
donor_12	3V	90	1
donor_12	3V	88	2
donor_12	3V	84	2
donor_12	3V	82	2
donor_12	3V	91	1
donor_12	3V	89	1
donor_12	3V	87	2
donor_12	3V	84	2
donor_12	3V	92	1
donor_12	3V	89	1
donor_12	3V	87	1
donor_12	3V	90	1
donor_12	3V	94	2
donor_12	3V	85	2
donor_12	3V	86	2
donor_12	3V	90	2
donor_12	3V	86	1
donor_12	3AG	89	1
donor_12	3AG	89	2
donor_12	3AG	87	1
donor_12	3AG	94	2
donor_12	3AG	88	1
donor_12	3AG	90	1
donor_12	3AG	91	1
donor_12	3AG	91	1
donor_12	3AG	86	1
donor_12	3AG	90	1
donor_12	3AG	84	2
donor_12	3AG	84	2
donor_12	3AG	88	2
donor_12	3AG	92	2
donor_12	3AG	88	1
donor_12	3AG	88	1
donor_12	3AG	92	1
donor_12	3AG	86	2
donor_12	3AG	91	2
donor_12	3AG	93	2
donor_12	3AG	87	1
donor_12	3AG	91	1
donor_12	3AG	91	2
donor_12	3AG	86	1
donor_12	3AG	93	1
donor_12	3AG	93	2
donor_12	3AG	84	2
donor_12	3AG	88	1
donor_12	3AG	84	2
donor_12	3AG	86	2
donor_12	3AG	90	1
donor_13	3D	101	2
donor_13	3D	107	1
donor_13	3D	100	2
donor_13	3D	104	2
donor_13	3D	106	2
donor_13	3D	99	1
donor_13	3D	101	2
donor_13	3D	100	1
donor_13	3D	96	1
donor_13	3D	104	2
donor_13	3D	92	1
donor_13	3D	96	2
donor_13	3D	102	1
donor_13	3D	97	1
donor_13	3D	97	1
donor_13	3D	95	2
donor_13	3D	102	1
donor_13	3D	101	1
donor_13	3D	96	2
donor_13	3D	102	2
donor_13	3D	99	1
donor_13	3D	108	2
donor_13	3D	99	2
donor_13	3D	98	1
donor_13	3D	98	1
donor_13	3D	99	2
donor_13	3D	96	2
donor_13	3D	99	2
donor_13	3D	99	2
donor_13	3R	98	1
donor_13	3R	103	2
donor_13	3R	97	1
donor_13	3R	102	1
donor_13	3R	102	2
donor_13	3R	99	1
donor_13	3R	96	2
donor_13	3R	96	1
donor_13	3R	104	2
donor_13	3R	95	2
donor_13	3R	96	2
donor_13	3R	102	2
donor_13	3R	99	1
donor_13	3R	99	2
donor_13	3R	98	1
donor_13	3R	99	1
donor_13	3R	97	2
donor_13	3R	93	2
donor_13	3R	95	2
donor_13	3R	99	1
donor_13	3R	101	1
donor_13	3R	100	2
donor_13	3R	101	2
donor_13	3R	95	2
donor_13	3R	94	2
donor_13	3R	101	2
donor_13	3R	101	2
donor_13	3R	101	2
donor_13	3R	96	2
donor_13	3R	100	2
donor_13	3R	100	2
donor_13	3R	100	1
donor_13	3R	101	2
donor_13	3R	94	2
donor_13	3R	100	2
donor_13	3R	95	2
donor_13	3F	91	1
donor_13	3F	97	1
donor_13	3F	99	2
donor_13	3F	98	1
donor_13	3F	102	1
donor_13	3F	96	2
donor_13	3F	96	2
donor_13	3F	95	1
donor_13	3F	101	1
donor_13	3F	104	1
donor_13	3F	107	2
donor_13	3F	101	1
donor_13	3F	96	1
donor_13	3F	99	2
donor_13	3F	97	2
donor_13	3F	106	1
donor_13	3F	101	2
donor_13	3F	101	1
donor_13	3F	99	2
donor_13	3F	100	1
donor_13	3F	94	1
donor_13	3F	98	2
donor_13	3F	106	2
donor_13	3F	93	1
donor_13	3F	98	2
donor_13	3F	106	1
donor_13	3F	98	1
donor_13	3F	99	1
donor_13	3F	100	2
donor_13	3F	98	2
donor_13	3F	94	1
donor_13	3AA	96	1
donor_13	3AA	105	2
donor_13	3AA	99	1
donor_13	3AA	103	1
donor_13	3AA	99	2
donor_13	3AA	101	2
donor_13	3AA	100	2
donor_13	3AA	102	1
donor_13	3AA	99	2
donor_13	3AA	104	1
donor_13	3AA	101	2
donor_13	3AA	99	1
donor_13	3AA	102	1
donor_13	3AA	99	1
donor_13	3AA	99	1
donor_13	3AA	98	2
donor_13	3AA	100	2
donor_13	3AA	105	2
donor_13	3AA	99	2
donor_13	3AA	102	2
donor_13	3AA	98	1
donor_13	3AA	98	2
donor_13	3AA	98	1
donor_13	3AA	99	2
donor_13	3AA	101	2
donor_13	3AA	101	1
donor_13	3AA	98	2
donor_13	3AA	95	1
donor_13	3AN	98	1
donor_13	3AN	108	1
donor_13	3AN	100	2
donor_13	3AN	97	1
donor_13	3AN	100	1
donor_13	3AN	101	1
donor_13	3AN	97	1
donor_13	3AN	91	1
donor_13	3AN	98	2
donor_13	3AN	102	1
donor_13	3AN	99	2
donor_13	3AN	98	2
donor_13	3AN	94	1
donor_13	3AN	97	1
donor_13	3AN	100	2
donor_13	3AN	100	2
donor_13	3AN	104	2
donor_13	3AN	102	2
donor_13	3AN	97	2
donor_13	3AN	97	2
donor_13	3AN	100	2
donor_13	3AN	99	1
donor_13	3AN	103	1
donor_13	3G	95	1
donor_13	3G	98	2
donor_13	3G	98	2
donor_13	3G	96	2
donor_13	3G	93	1
donor_13	3G	96	1
donor_13	3G	106	1
donor_13	3G	100	1
donor_13	3G	95	1
donor_13	3G	100	2
donor_13	3G	100	2
donor_13	3G	99	2
donor_13	3G	98	2
donor_13	3G	97	1
donor_13	3G	102	2
donor_13	3G	93	2
donor_13	3G	102	2
donor_13	3G	95	2
donor_13	3G	95	2
donor_13	3G	89	2
donor_13	3G	100	1
donor_13	3G	100	2
donor_13	3G	97	2
donor_13	3G	102	2
donor_13	3G	96	2
donor_13	3G	101	2
donor_13	3G	101	2
donor_13	3G	105	1
donor_13	3G	102	2
donor_13	3G	103	1
donor_13	3G	109	2
donor_13	3G	94	2
donor_13	3G	96	2
donor_13	3G	99	2
donor_13	3G	99	1
donor_13	3G	100	2
donor_13	3G	105	1
donor_13	3G	99	2
donor_13	3C	99	1
donor_13	3C	92	1
donor_13	3C	94	2
donor_13	3C	103	2
donor_13	3C	99	1
donor_13	3C	96	2
donor_13	3C	98	2
donor_13	3C	95	1
donor_13	3C	94	2
donor_13	3C	98	2
donor_13	3C	104	2
donor_13	3C	100	2
donor_13	3C	103	2
donor_13	3C	101	1
donor_13	3C	97	1
donor_13	3C	99	2
donor_13	3C	101	1
donor_13	3C	96	2
donor_13	3C	102	1
donor_13	3C	98	2
donor_13	3C	101	1
donor_13	3C	95	2
donor_13	3C	105	2
donor_13	3C	94	1
donor_13	3C	98	1
donor_13	3C	99	1
donor_13	3C	100	2
donor_13	3C	105	2
donor_13	3C	101	1
donor_13	3C	101	2
donor_13	3C	100	2
donor_13	3C	99	1
donor_13	3C	100	2
donor_13	3C	99	2
donor_13	3C	95	2
donor_13	3Y	98	1
donor_13	3Y	97	2
donor_13	3Y	97	2
donor_13	3Y	103	2
donor_13	3Y	94	2
donor_13	3Y	101	1
donor_13	3Y	97	2
donor_13	3Y	105	1
donor_13	3Y	103	2
donor_13	3Y	100	2
donor_13	3Y	97	2
donor_13	3Y	97	1
donor_13	3Y	100	1
donor_13	3Y	105	2
donor_13	3Y	98	2
donor_13	3Y	98	1
donor_13	3Y	96	1
donor_13	3Y	92	1
donor_13	3Y	98	1
donor_13	3Y	98	1
donor_13	3Y	98	2
donor_13	3Y	98	1
donor_13	3V	97	2
donor_13	3V	100	2
donor_13	3V	102	1
donor_13	3V	105	2
donor_13	3V	97	2
donor_13	3V	102	1
donor_13	3V	97	1
donor_13	3V	97	1
donor_13	3V	101	2
donor_13	3V	95	1
donor_13	3V	98	1
donor_13	3V	97	2
donor_13	3V	98	2
donor_13	3V	98	1
donor_13	3V	100	2
donor_13	3V	101	1
donor_13	3V	101	2
donor_13	3V	104	1
donor_13	3V	103	2
donor_13	3V	98	1
donor_13	3V	100	1
donor_13	3V	105	1
donor_13	3V	100	1
donor_13	3V	97	2
donor_13	3V	101	2
donor_13	3V	97	1
donor_13	3V	94	1
donor_13	3V	102	2
donor_13	3V	103	2
donor_13	3V	100	1
donor_13	3V	90	1
donor_13	3V	102	2
donor_13	3V	95	1
donor_13	3V	102	1
donor_13	3AG	100	2
donor_13	3AG	96	2
donor_13	3AG	101	2
donor_13	3AG	90	2
donor_13	3AG	98	1
donor_13	3AG	94	1
donor_13	3AG	102	2
donor_13	3AG	97	1
donor_13	3AG	100	2
donor_13	3AG	101	1
donor_13	3AG	98	1
donor_13	3AG	95	1
donor_13	3AG	99	1
donor_13	3AG	96	1
donor_13	3AG	98	1
donor_13	3AG	97	1
donor_13	3AG	100	1
donor_13	3AG	98	1
donor_13	3AG	104	1
donor_13	3AG	98	2
donor_14	3D	93	2
donor_14	3D	90	2
donor_14	3D	96	1
donor_14	3D	98	2
donor_14	3D	93	1
donor_14	3D	95	1
donor_14	3D	91	2
donor_14	3D	93	2
donor_14	3D	93	1
donor_14	3D	94	1
donor_14	3D	92	2
donor_14	3D	94	2
donor_14	3D	96	2
donor_14	3D	91	1
donor_14	3D	90	1
donor_14	3D	98	1
donor_14	3D	91	1
donor_14	3D	91	2
donor_14	3D	95	1
donor_14	3D	93	1
donor_14	3D	99	1
donor_14	3D	99	1
donor_14	3D	96	1
donor_14	3D	95	1
donor_14	3D	93	2
donor_14	3D	96	2
donor_14	3D	96	1
donor_14	3R	92	1
donor_14	3R	95	2
donor_14	3R	88	2
donor_14	3R	92	1
donor_14	3R	89	1
donor_14	3R	92	1
donor_14	3R	90	1
donor_14	3R	96	1
donor_14	3R	95	1
donor_14	3R	88	2
donor_14	3R	90	1
donor_14	3R	98	2
donor_14	3R	91	2
donor_14	3R	88	1
donor_14	3R	93	1
donor_14	3R	90	1
donor_14	3R	95	2
donor_14	3R	86	2
donor_14	3R	93	1
donor_14	3R	95	2
donor_14	3R	95	2
donor_14	3R	94	1
donor_14	3R	91	1
donor_14	3R	96	1
donor_14	3R	92	2
donor_14	3R	85	2
donor_14	3R	92	2
donor_14	3F	95	1
donor_14	3F	94	1
donor_14	3F	86	1
donor_14	3F	92	1
donor_14	3F	99	1
donor_14	3F	101	1
donor_14	3F	98	1
donor_14	3F	91	1
donor_14	3F	97	2
donor_14	3F	92	1
donor_14	3F	93	1
donor_14	3F	98	2
donor_14	3F	100	2
donor_14	3F	101	1
donor_14	3F	92	1
donor_14	3F	89	2
donor_14	3F	94	2
donor_14	3F	90	1
donor_14	3F	97	2
donor_14	3F	94	2
donor_14	3F	94	1
donor_14	3F	96	2
donor_14	3F	95	1
donor_14	3F	90	2
donor_14	3F	99	2
donor_14	3F	94	1
donor_14	3F	91	2
donor_14	3F	89	1
donor_14	3F	92	2
donor_14	3F	89	1
donor_14	3F	98	1
donor_14	3F	97	1
donor_14	3F	95	1
donor_14	3F	87	2
donor_14	3AA	95	1
donor_14	3AA	89	2
donor_14	3AA	95	1
donor_14	3AA	94	2
donor_14	3AA	93	2
donor_14	3AA	91	2
donor_14	3AA	86	1
donor_14	3AA	92	1
donor_14	3AA	89	1
donor_14	3AA	96	1
donor_14	3AA	94	1
donor_14	3AA	98	2
donor_14	3AA	94	2
donor_14	3AA	90	1
donor_14	3AA	94	2
donor_14	3AA	93	1
donor_14	3AA	95	2
donor_14	3AA	98	2
donor_14	3AA	96	1
donor_14	3AA	89	1
donor_14	3AA	88	1
donor_14	3AA	96	1
donor_14	3AA	98	2
donor_14	3AA	91	1
donor_14	3AA	95	1
donor_14	3AA	97	2
donor_14	3AA	88	2
donor_14	3AA	97	2
donor_14	3AA	93	2
donor_14	3AA	94	2
donor_14	3AA	94	2
donor_14	3AA	90	2
donor_14	3AA	90	1
donor_14	3AA	94	2
donor_14	3AN	101	1
donor_14	3AN	92	1
donor_14	3AN	88	2
donor_14	3AN	95	1
donor_14	3AN	93	2
donor_14	3AN	94	2
donor_14	3AN	99	1
donor_14	3AN	94	1
donor_14	3AN	101	2
donor_14	3AN	93	1
donor_14	3AN	94	2
donor_14	3AN	97	1
donor_14	3AN	99	1
donor_14	3AN	92	2
donor_14	3AN	92	2
donor_14	3AN	95	1
donor_14	3AN	97	1
donor_14	3AN	92	2
donor_14	3AN	89	2
donor_14	3AN	93	2
donor_14	3AN	91	1
donor_14	3AN	93	2
donor_14	3AN	96	1
donor_14	3AN	93	2
donor_14	3AN	90	2
donor_14	3AN	91	2
donor_14	3AN	94	1
donor_14	3G	95	2
donor_14	3G	93	2
donor_14	3G	93	2
donor_14	3G	94	2
donor_14	3G	94	1
donor_14	3G	96	1
donor_14	3G	91	2
donor_14	3G	96	2
donor_14	3G	94	1
donor_14	3G	94	2
donor_14	3G	93	1
donor_14	3G	97	1
donor_14	3G	87	2
donor_14	3G	97	1
donor_14	3G	94	2
donor_14	3G	91	1
donor_14	3G	98	1
donor_14	3G	93	2
donor_14	3G	92	1
donor_14	3G	92	1
donor_14	3G	96	1
donor_14	3G	90	2
donor_14	3G	95	1
donor_14	3G	96	2
donor_14	3G	91	2
donor_14	3G	96	2
donor_14	3G	96	2
donor_14	3G	93	1
donor_14	3G	88	2
donor_14	3G	92	2
donor_14	3G	95	2
donor_14	3G	93	1
donor_14	3C	94	2
donor_14	3C	94	1
donor_14	3C	97	1
donor_14	3C	97	1
donor_14	3C	94	2
donor_14	3C	91	2
donor_14	3C	94	1
donor_14	3C	88	2
donor_14	3C	102	1
donor_14	3C	94	2
donor_14	3C	93	1
donor_14	3C	91	2
donor_14	3C	92	2
donor_14	3C	91	1
donor_14	3C	89	2
donor_14	3C	87	1
donor_14	3C	89	2
donor_14	3C	88	2
donor_14	3C	99	2
donor_14	3C	89	2
donor_14	3C	90	1
donor_14	3C	94	1
donor_14	3C	91	2
donor_14	3C	91	2
donor_14	3C	90	2
donor_14	3C	95	2
donor_14	3C	92	2
donor_14	3C	94	1
donor_14	3C	89	2
donor_14	3C	92	1
donor_14	3C	92	2
donor_14	3C	90	2
donor_14	3C	94	1
donor_14	3Y	89	1
donor_14	3Y	92	2
donor_14	3Y	99	1
donor_14	3Y	95	1
donor_14	3Y	93	2
donor_14	3Y	90	2
donor_14	3Y	96	2
donor_14	3Y	89	1
donor_14	3Y	95	2
donor_14	3Y	93	2
donor_14	3Y	99	2
donor_14	3Y	94	2
donor_14	3Y	92	1
donor_14	3Y	95	2
donor_14	3Y	90	1
donor_14	3Y	95	1
donor_14	3Y	96	2
donor_14	3Y	87	1
donor_14	3Y	96	1
donor_14	3Y	90	1
donor_14	3Y	87	1
donor_14	3Y	97	1
donor_14	3Y	90	1
donor_14	3Y	94	1
donor_14	3Y	89	2
donor_14	3Y	96	1
donor_14	3Y	94	2
donor_14	3Y	99	1
donor_14	3Y	93	1
donor_14	3Y	95	1
donor_14	3Y	89	2
donor_14	3Y	90	2
donor_14	3Y	93	2
donor_14	3Y	93	1
donor_14	3Y	89	1
donor_14	3Y	93	1
donor_14	3V	91	1
donor_14	3V	98	1
donor_14	3V	91	2
donor_14	3V	88	2
donor_14	3V	95	2
donor_14	3V	91	2
donor_14	3V	95	2
donor_14	3V	89	2
donor_14	3V	92	2
donor_14	3V	97	1
donor_14	3V	95	2
donor_14	3V	98	2
donor_14	3V	95	1
donor_14	3V	89	1
donor_14	3V	93	1
donor_14	3V	94	2
donor_14	3V	95	1
donor_14	3V	94	1
donor_14	3V	91	1
donor_14	3V	88	1
donor_14	3V	97	1
donor_14	3V	93	2
donor_14	3V	92	1
donor_14	3V	96	1
donor_14	3V	90	2
donor_14	3V	94	1
donor_14	3V	94	1
donor_14	3V	96	2
donor_14	3V	95	2
donor_14	3AG	100	1
donor_14	3AG	96	2
donor_14	3AG	95	2
donor_14	3AG	94	2
donor_14	3AG	94	1
donor_14	3AG	93	2
donor_14	3AG	90	2
donor_14	3AG	91	2
donor_14	3AG	91	2
donor_14	3AG	93	1
donor_14	3AG	94	1
donor_14	3AG	95	1
donor_14	3AG	94	2
donor_14	3AG	92	2
donor_14	3AG	88	1
donor_14	3AG	97	1
donor_14	3AG	95	2
donor_14	3AG	91	1
donor_14	3AG	94	1
donor_14	3AG	91	2
donor_14	3AG	93	2
donor_14	3AG	85	2
donor_14	3AG	92	2
donor_14	3AG	94	2
donor_14	3AG	98	1
donor_14	3AG	92	2
donor_15	3D	86	1
donor_15	3D	80	2
donor_15	3D	85	1
donor_15	3D	79	2
donor_15	3D	80	1
donor_15	3D	82	2
donor_15	3D	80	1
donor_15	3D	74	2
donor_15	3D	84	2
donor_15	3D	83	1
donor_15	3D	83	1
donor_15	3D	87	2
donor_15	3D	84	1
donor_15	3D	79	2
donor_15	3D	83	2
donor_15	3D	81	1
donor_15	3D	84	1
donor_15	3D	77	1
donor_15	3D	75	1
donor_15	3D	78	1
donor_15	3D	84	2
donor_15	3D	77	1
donor_15	3D	78	2
donor_15	3D	80	1
donor_15	3D	81	1
donor_15	3D	87	1
donor_15	3D	84	1
donor_15	3D	84	2
donor_15	3D	82	1
donor_15	3D	82	1
donor_15	3D	88	1
donor_15	3R	86	2
donor_15	3R	80	1
donor_15	3R	79	2
donor_15	3R	77	2
donor_15	3R	80	1
donor_15	3R	76	2
donor_15	3R	78	2
donor_15	3R	79	2
donor_15	3R	78	2
donor_15	3R	80	1
donor_15	3R	79	1
donor_15	3R	81	2
donor_15	3R	81	1
donor_15	3R	80	2
donor_15	3R	81	1
donor_15	3R	82	2
donor_15	3R	79	1
donor_15	3R	80	2
donor_15	3R	72	1
donor_15	3R	79	2
donor_15	3R	79	2
donor_15	3R	78	1
donor_15	3R	82	2
donor_15	3R	79	2
donor_15	3R	75	1
donor_15	3F	78	1
donor_15	3F	80	1
donor_15	3F	87	2
donor_15	3F	86	1
donor_15	3F	78	1
donor_15	3F	82	2
donor_15	3F	81	1
donor_15	3F	79	2
donor_15	3F	81	2
donor_15	3F	83	2
donor_15	3F	86	1
donor_15	3F	78	1
donor_15	3F	88	1
donor_15	3F	80	2
donor_15	3F	77	1
donor_15	3F	77	2
donor_15	3F	79	1
donor_15	3F	80	1
donor_15	3F	74	2
donor_15	3F	79	1
donor_15	3F	80	1
donor_15	3F	83	2
donor_15	3F	80	2
donor_15	3F	80	1
donor_15	3F	79	1
donor_15	3F	77	2
donor_15	3F	76	1
donor_15	3AA	81	2
donor_15	3AA	81	2
donor_15	3AA	79	1
donor_15	3AA	73	2
donor_15	3AA	86	1
donor_15	3AA	78	2
donor_15	3AA	83	1
donor_15	3AA	75	2
donor_15	3AA	78	2
donor_15	3AA	85	2
donor_15	3AA	84	2
donor_15	3AA	87	2
donor_15	3AA	77	1
donor_15	3AA	82	2
donor_15	3AA	78	1
donor_15	3AA	75	2
donor_15	3AA	83	1
donor_15	3AA	85	2
donor_15	3AA	84	1
donor_15	3AA	83	1
donor_15	3AA	77	1
donor_15	3AA	78	1
donor_15	3AA	82	2
donor_15	3AA	86	2
donor_15	3AA	85	1
donor_15	3AA	78	2
donor_15	3AA	86	1
donor_15	3AA	82	1
donor_15	3AA	80	2
donor_15	3AA	80	1
donor_15	3AN	79	1
donor_15	3AN	74	1
donor_15	3AN	79	2
donor_15	3AN	79	1
donor_15	3AN	78	1
donor_15	3AN	79	2
donor_15	3AN	82	2
donor_15	3AN	83	2
donor_15	3AN	82	1
donor_15	3AN	81	2
donor_15	3AN	85	1
donor_15	3AN	79	2
donor_15	3AN	74	2
donor_15	3AN	84	2
donor_15	3AN	81	1
donor_15	3AN	82	2
donor_15	3AN	75	1
donor_15	3AN	76	2
donor_15	3AN	83	1
donor_15	3AN	76	2
donor_15	3AN	79	1
donor_15	3AN	83	1
donor_15	3AN	84	2
donor_15	3AN	83	2
donor_15	3AN	80	1
donor_15	3AN	80	1
donor_15	3AN	82	2
donor_15	3AN	88	1
donor_15	3AN	86	2
donor_15	3AN	85	1
donor_15	3AN	76	2
donor_15	3AN	84	2
donor_15	3AN	83	2
donor_15	3AN	79	2
donor_15	3AN	85	1
donor_15	3G	77	2
donor_15	3G	84	2
donor_15	3G	80	1
donor_15	3G	83	2
donor_15	3G	81	1
donor_15	3G	80	1
donor_15	3G	81	1
donor_15	3G	85	2
donor_15	3G	86	2
donor_15	3G	84	1
donor_15	3G	76	2
donor_15	3G	88	2
donor_15	3G	81	1
donor_15	3G	80	2
donor_15	3G	81	2
donor_15	3G	76	2
donor_15	3G	80	2
donor_15	3G	74	1
donor_15	3G	83	2
donor_15	3G	81	1
donor_15	3G	82	2
donor_15	3G	75	1
donor_15	3G	81	2
donor_15	3G	75	1
donor_15	3G	80	2
donor_15	3G	85	1
donor_15	3G	82	1
donor_15	3G	89	2
donor_15	3G	78	2
donor_15	3G	83	2
donor_15	3G	74	2
donor_15	3G	81	2
donor_15	3G	86	2
donor_15	3G	76	2
donor_15	3G	80	1
donor_15	3C	84	1
donor_15	3C	85	1
donor_15	3C	84	1
donor_15	3C	81	1
donor_15	3C	77	2
donor_15	3C	85	1
donor_15	3C	80	2
donor_15	3C	87	1
donor_15	3C	84	2
donor_15	3C	82	1
donor_15	3C	76	2
donor_15	3C	80	1
donor_15	3C	85	2
donor_15	3C	81	1
donor_15	3C	77	1
donor_15	3C	79	1
donor_15	3C	84	1
donor_15	3C	79	1
donor_15	3C	84	2
donor_15	3C	72	1
donor_15	3C	76	1
donor_15	3C	80	2
donor_15	3C	80	1
donor_15	3C	84	2
donor_15	3Y	89	2
donor_15	3Y	82	1
donor_15	3Y	81	1
donor_15	3Y	81	1
donor_15	3Y	78	1
donor_15	3Y	81	1
donor_15	3Y	82	2
donor_15	3Y	75	1
donor_15	3Y	78	1
donor_15	3Y	79	1
donor_15	3Y	78	2
donor_15	3Y	79	2
donor_15	3Y	80	2
donor_15	3Y	79	1
donor_15	3Y	80	2
donor_15	3Y	78	2
donor_15	3Y	78	1
donor_15	3Y	77	1
donor_15	3Y	83	1
donor_15	3Y	85	1
donor_15	3Y	84	2
donor_15	3V	84	1
donor_15	3V	81	2
donor_15	3V	81	2
donor_15	3V	78	1
donor_15	3V	84	1
donor_15	3V	76	1
donor_15	3V	80	1
donor_15	3V	77	2
donor_15	3V	82	1
donor_15	3V	78	2
donor_15	3V	79	1
donor_15	3V	83	1
donor_15	3V	85	2
donor_15	3V	83	1
donor_15	3V	77	2
donor_15	3V	84	2
donor_15	3V	83	1
donor_15	3V	85	2
donor_15	3V	79	2
donor_15	3V	78	1
donor_15	3V	75	2
donor_15	3V	80	2
donor_15	3V	79	2
donor_15	3V	86	1
donor_15	3V	82	1
donor_15	3V	80	2
donor_15	3V	82	1
donor_15	3V	83	2
donor_15	3V	86	2
donor_15	3V	84	2
donor_15	3V	80	2
donor_15	3V	81	2
donor_15	3AG	85	2
donor_15	3AG	87	1
donor_15	3AG	85	2
donor_15	3AG	75	2
donor_15	3AG	83	1
donor_15	3AG	75	1
donor_15	3AG	79	2
donor_15	3AG	83	1
donor_15	3AG	83	2
donor_15	3AG	84	1
donor_15	3AG	78	1
donor_15	3AG	87	2
donor_15	3AG	79	1
donor_15	3AG	82	2
donor_15	3AG	85	1
donor_15	3AG	82	1
donor_15	3AG	84	2
donor_15	3AG	77	1
donor_15	3AG	81	1
donor_15	3AG	78	1
donor_15	3AG	81	1
donor_15	3AG	81	1
donor_15	3AG	77	1
donor_15	3AG	77	1
donor_15	3AG	83	1
donor_15	3AG	77	1
donor_15	3AG	77	1
donor_15	3AG	82	1
donor_16	3D	87	2
donor_16	3D	81	1
donor_16	3D	136	2
donor_16	3D	80	2
donor_16	3D	88	2
donor_16	3D	122	1
donor_16	3D	84	1
donor_16	3D	152	1
donor_16	3D	75	1
donor_16	3D	79	2
donor_16	3D	169	1
donor_16	3D	164	2
donor_16	3D	77	1
donor_16	3D	84	2
donor_16	3D	81	1
donor_16	3D	83	1
donor_16	3D	85	1
donor_16	3D	85	2
donor_16	3D	82	2
donor_16	3D	83	2
donor_16	3D	86	1
donor_16	3D	87	1
donor_16	3D	83	1
donor_16	3D	79	2
donor_16	3D	83	2
donor_16	3D	83	1
donor_16	3D	82	1
donor_16	3D	83	1
donor_16	3R	85	1
donor_16	3R	86	2
donor_16	3R	82	2
donor_16	3R	83	1
donor_16	3R	85	2
donor_16	3R	85	1
donor_16	3R	90	1
donor_16	3R	81	2
donor_16	3R	79	2
donor_16	3R	79	2
donor_16	3R	86	2
donor_16	3R	86	1
donor_16	3R	87	2
donor_16	3R	80	1
donor_16	3R	79	2
donor_16	3R	86	2
donor_16	3R	81	2
donor_16	3R	84	1
donor_16	3R	83	1
donor_16	3R	85	1
donor_16	3R	88	1
donor_16	3R	85	2
donor_16	3R	89	1
donor_16	3R	83	1
donor_16	3R	84	2
donor_16	3R	84	2
donor_16	3R	77	2
donor_16	3R	77	2
donor_16	3R	80	1
donor_16	3R	86	2
donor_16	3R	83	1
donor_16	3R	81	1
donor_16	3R	85	2
donor_16	3R	86	2
donor_16	3R	83	2
donor_16	3R	86	1
donor_16	3R	84	1
donor_16	3R	87	2
donor_16	3R	83	1
donor_16	3F	81	2
donor_16	3F	85	2
donor_16	3F	81	1
donor_16	3F	80	1
donor_16	3F	80	2
donor_16	3F	80	2
donor_16	3F	84	2
donor_16	3F	79	2
donor_16	3F	86	1
donor_16	3F	75	1
donor_16	3F	80	2
donor_16	3F	83	2
donor_16	3F	88	1
donor_16	3F	80	1
donor_16	3F	85	1
donor_16	3F	79	1
donor_16	3F	81	2
donor_16	3F	84	2
donor_16	3F	86	2
donor_16	3F	88	2
donor_16	3F	82	1
donor_16	3F	80	2
donor_16	3F	84	1
donor_16	3F	81	1
donor_16	3F	83	2
donor_16	3F	84	2
donor_16	3F	88	1
donor_16	3F	87	2
donor_16	3F	86	2
donor_16	3F	79	2
donor_16	3F	80	2
donor_16	3F	83	2
donor_16	3F	83	1
donor_16	3F	85	2
donor_16	3F	84	1
donor_16	3F	80	1
donor_16	3AA	81	2
donor_16	3AA	85	2
donor_16	3AA	81	1
donor_16	3AA	78	2
donor_16	3AA	85	1
donor_16	3AA	82	2
donor_16	3AA	80	2
donor_16	3AA	80	2
donor_16	3AA	86	2
donor_16	3AA	81	2
donor_16	3AA	85	2
donor_16	3AA	92	1
donor_16	3AA	83	1
donor_16	3AA	83	2
donor_16	3AA	85	2
donor_16	3AA	73	2
donor_16	3AA	80	2
donor_16	3AA	87	2
donor_16	3AA	79	2
donor_16	3AA	92	1
donor_16	3AA	76	1
donor_16	3AA	81	2
donor_16	3AA	80	2
donor_16	3AA	77	2
donor_16	3AA	78	2
donor_16	3AA	84	2
donor_16	3AA	85	1
donor_16	3AA	81	1
donor_16	3AA	81	2
donor_16	3AA	85	2
donor_16	3AA	87	1
donor_16	3AA	81	1
donor_16	3AA	79	1
donor_16	3AN	81	1
donor_16	3AN	83	1
donor_16	3AN	79	1
donor_16	3AN	81	2
donor_16	3AN	81	1
donor_16	3AN	85	2
donor_16	3AN	79	2
donor_16	3AN	77	1
donor_16	3AN	85	2
donor_16	3AN	81	2
donor_16	3AN	83	1
donor_16	3AN	81	1
donor_16	3AN	82	2
donor_16	3AN	87	1
donor_16	3AN	81	2
donor_16	3AN	83	2
donor_16	3AN	82	2
donor_16	3AN	76	2
donor_16	3AN	89	1
donor_16	3AN	85	1
donor_16	3AN	80	1
donor_16	3AN	77	1
donor_16	3AN	82	1
donor_16	3AN	79	2
donor_16	3AN	79	2
donor_16	3AN	81	2
donor_16	3AN	84	2
donor_16	3AN	84	1
donor_16	3AN	84	1
donor_16	3G	81	2
donor_16	3G	81	1
donor_16	3G	85	2
donor_16	3G	79	2
donor_16	3G	78	1
donor_16	3G	79	1
donor_16	3G	82	2
donor_16	3G	82	1
donor_16	3G	85	2
donor_16	3G	83	2
donor_16	3G	79	2
donor_16	3G	83	2
donor_16	3G	84	1
donor_16	3G	79	1
donor_16	3G	88	1
donor_16	3G	79	2
donor_16	3G	87	2
donor_16	3G	83	1
donor_16	3G	85	2
donor_16	3G	78	2
donor_16	3G	84	2
donor_16	3G	74	2
donor_16	3G	81	1
donor_16	3G	84	1
donor_16	3G	83	1
donor_16	3G	81	2
donor_16	3G	84	1
donor_16	3G	79	1
donor_16	3G	82	1
donor_16	3G	87	1
donor_16	3G	79	1
donor_16	3G	79	1
donor_16	3G	84	1
donor_16	3G	85	1
donor_16	3G	82	1
donor_16	3G	81	2
donor_16	3G	82	1
donor_16	3G	76	2
donor_16	3G	79	1
donor_16	3G	82	2
donor_16	3G	83	2
donor_16	3G	84	1
donor_16	3C	80	2
donor_16	3C	78	2
donor_16	3C	84	2
donor_16	3C	81	1
donor_16	3C	86	2
donor_16	3C	80	1
donor_16	3C	80	1
donor_16	3C	84	2
donor_16	3C	79	2
donor_16	3C	87	1
donor_16	3C	83	2
donor_16	3C	85	1
donor_16	3C	79	2
donor_16	3C	82	1
donor_16	3C	84	2
donor_16	3C	79	2
donor_16	3C	80	2
donor_16	3C	82	2
donor_16	3C	83	2
donor_16	3C	86	2
donor_16	3C	80	1
donor_16	3C	78	2
donor_16	3C	79	2
donor_16	3C	80	1
donor_16	3C	84	2
donor_16	3C	83	2
donor_16	3Y	81	1
donor_16	3Y	83	1
donor_16	3Y	81	1
donor_16	3Y	81	2
donor_16	3Y	79	2
donor_16	3Y	88	1
donor_16	3Y	87	2
donor_16	3Y	81	1
donor_16	3Y	84	1
donor_16	3Y	81	2
donor_16	3Y	78	2
donor_16	3Y	83	1
donor_16	3Y	81	2
donor_16	3Y	79	2
donor_16	3Y	83	2
donor_16	3Y	82	2
donor_16	3Y	77	1
donor_16	3Y	83	2
donor_16	3Y	81	2
donor_16	3Y	82	2
donor_16	3Y	87	1
donor_16	3Y	82	2
donor_16	3Y	78	2
donor_16	3Y	82	2
donor_16	3Y	82	1
donor_16	3V	83	1
donor_16	3V	87	2
donor_16	3V	84	1
donor_16	3V	79	1
donor_16	3V	84	1
donor_16	3V	80	1
donor_16	3V	88	1
donor_16	3V	78	1
donor_16	3V	82	2
donor_16	3V	85	2
donor_16	3V	89	1
donor_16	3V	80	1
donor_16	3V	79	2
donor_16	3V	85	1
donor_16	3V	82	2
donor_16	3V	88	1
donor_16	3V	85	2
donor_16	3V	83	1
donor_16	3V	77	1
donor_16	3V	84	1
donor_16	3V	82	1
donor_16	3V	88	1
donor_16	3V	82	2
donor_16	3V	81	2
donor_16	3V	79	1
donor_16	3V	85	2
donor_16	3V	73	2
donor_16	3V	87	1
donor_16	3V	82	1
donor_16	3V	84	2
donor_16	3V	80	1
donor_16	3AG	85	2
donor_16	3AG	86	1
donor_16	3AG	83	2
donor_16	3AG	79	2
donor_16	3AG	81	1
donor_16	3AG	82	1
donor_16	3AG	88	1
donor_16	3AG	86	1
donor_16	3AG	84	1
donor_16	3AG	81	1
donor_16	3AG	82	1
donor_16	3AG	80	2
donor_16	3AG	79	1
donor_16	3AG	89	1
donor_16	3AG	80	2
donor_16	3AG	87	1
donor_16	3AG	81	1
donor_16	3AG	74	2
donor_16	3AG	79	2
donor_16	3AG	77	1
donor_16	3AG	87	1
donor_16	3AG	85	1
donor_16	3AG	76	1
donor_16	3AG	81	1
donor_16	3AG	83	1
donor_16	3AG	78	1
donor_16	3AG	81	2
donor_16	3AG	82	1
donor_16	3AG	80	2
donor_16	3AG	80	1
donor_16	3AG	87	1
donor_16	3AG	85	1
donor_16	3AG	75	1
donor_17	3D	111	1
donor_17	3D	110	2
donor_17	3D	112	1
donor_17	3D	113	1
donor_17	3D	112	2
donor_17	3D	104	2
donor_17	3D	119	1
donor_17	3D	111	2
donor_17	3D	112	1
donor_17	3D	108	1
donor_17	3D	106	2
donor_17	3D	109	2
donor_17	3D	111	1
donor_17	3D	111	1
donor_17	3D	105	1
donor_17	3D	113	2
donor_17	3D	113	1
donor_17	3D	109	2
donor_17	3D	109	1
donor_17	3D	115	2
donor_17	3D	107	2
donor_17	3D	107	1
donor_17	3D	110	1
donor_17	3R	117	1
donor_17	3R	116	2
donor_17	3R	110	2
donor_17	3R	112	1
donor_17	3R	114	2
donor_17	3R	107	2
donor_17	3R	114	1
donor_17	3R	112	2
donor_17	3R	117	2
donor_17	3R	111	2
donor_17	3R	111	1
donor_17	3R	110	1
donor_17	3R	109	2
donor_17	3R	108	2
donor_17	3R	107	2
donor_17	3R	107	2
donor_17	3R	114	2
donor_17	3R	115	1
donor_17	3R	109	2
donor_17	3R	108	2
donor_17	3R	112	2
donor_17	3R	109	1
donor_17	3R	115	2
donor_17	3R	115	1
donor_17	3R	109	1
donor_17	3R	111	1
donor_17	3F	113	1
donor_17	3F	116	2
donor_17	3F	110	2
donor_17	3F	112	1
donor_17	3F	108	2
donor_17	3F	107	2
donor_17	3F	111	2
donor_17	3F	113	1
donor_17	3F	113	1
donor_17	3F	112	1
donor_17	3F	112	1
donor_17	3F	108	2
donor_17	3F	116	2
donor_17	3F	111	2
donor_17	3F	116	2
donor_17	3F	102	1
donor_17	3F	118	2
donor_17	3F	109	2
donor_17	3F	111	2
donor_17	3F	108	2
donor_17	3F	112	1
donor_17	3F	111	1
donor_17	3F	109	1
donor_17	3F	118	1
donor_17	3AA	112	2
donor_17	3AA	109	2
donor_17	3AA	108	2
donor_17	3AA	115	1
donor_17	3AA	112	1
donor_17	3AA	120	2
donor_17	3AA	112	1
donor_17	3AA	116	1
donor_17	3AA	109	1
donor_17	3AA	115	2
donor_17	3AA	111	2
donor_17	3AA	112	1
donor_17	3AA	109	2
donor_17	3AA	108	2
donor_17	3AA	111	1
donor_17	3AA	105	2
donor_17	3AA	102	2
donor_17	3AA	109	2
donor_17	3AA	117	1
donor_17	3AA	108	2
donor_17	3AA	113	2
donor_17	3AA	112	1
donor_17	3AA	117	1
donor_17	3AA	111	2
donor_17	3AA	110	2
donor_17	3AA	115	1
donor_17	3AA	108	2
donor_17	3AA	116	1
donor_17	3AA	113	1
donor_17	3AA	110	1
donor_17	3AN	116	1
donor_17	3AN	105	1
donor_17	3AN	116	1
donor_17	3AN	113	1
donor_17	3AN	112	1
donor_17	3AN	119	1
donor_17	3AN	114	2
donor_17	3AN	110	1
donor_17	3AN	108	2
donor_17	3AN	112	1
donor_17	3AN	111	2
donor_17	3AN	106	2
donor_17	3AN	114	1
donor_17	3AN	113	1
donor_17	3AN	108	2
donor_17	3AN	110	2
donor_17	3AN	116	2
donor_17	3AN	114	2
donor_17	3AN	111	1
donor_17	3AN	113	2
donor_17	3AN	115	2
donor_17	3AN	110	2
donor_17	3AN	111	2
donor_17	3AN	109	2
donor_17	3AN	115	2
donor_17	3AN	113	2
donor_17	3AN	112	2
donor_17	3AN	108	1
donor_17	3AN	112	1
donor_17	3AN	109	1
donor_17	3AN	104	1
donor_17	3AN	109	2
donor_17	3AN	105	1
donor_17	3AN	112	2
donor_17	3AN	114	2
donor_17	3AN	112	1
donor_17	3G	114	2
donor_17	3G	112	2
donor_17	3G	108	2
donor_17	3G	108	1
donor_17	3G	113	2
donor_17	3G	111	1
donor_17	3G	112	2
donor_17	3G	116	2
donor_17	3G	110	2
donor_17	3G	110	2
donor_17	3G	115	1
donor_17	3G	107	2
donor_17	3G	112	1
donor_17	3G	109	1
donor_17	3G	116	1
donor_17	3G	110	1
donor_17	3G	116	1
donor_17	3G	111	1
donor_17	3G	110	2
donor_17	3G	108	2
donor_17	3G	114	1
donor_17	3G	112	2
donor_17	3G	109	2
donor_17	3G	107	1
donor_17	3G	115	2
donor_17	3G	115	1
donor_17	3G	112	1
donor_17	3G	115	2
donor_17	3G	104	2
donor_17	3G	109	2
donor_17	3G	106	2
donor_17	3G	113	2
donor_17	3G	112	2
donor_17	3C	112	2
donor_17	3C	115	1
donor_17	3C	107	1
donor_17	3C	116	2
donor_17	3C	119	1
donor_17	3C	112	2
donor_17	3C	115	2
donor_17	3C	110	2
donor_17	3C	111	2
donor_17	3C	108	2
donor_17	3C	106	2
donor_17	3C	105	2
donor_17	3C	112	1
donor_17	3C	114	2
donor_17	3C	110	1
donor_17	3C	112	2
donor_17	3C	112	1
donor_17	3C	114	2
donor_17	3C	103	2
donor_17	3C	114	1
donor_17	3C	108	2
donor_17	3C	111	1
donor_17	3C	116	2
donor_17	3C	107	2
donor_17	3C	114	2
donor_17	3C	108	1
donor_17	3C	110	1
donor_17	3C	109	1
donor_17	3C	113	2
donor_17	3C	115	2
donor_17	3C	108	2
donor_17	3C	113	1
donor_17	3C	114	1
donor_17	3C	108	1
donor_17	3Y	114	1
donor_17	3Y	109	1
donor_17	3Y	114	1
donor_17	3Y	111	1
donor_17	3Y	116	2
donor_17	3Y	112	2
donor_17	3Y	110	2
donor_17	3Y	110	2
donor_17	3Y	108	2
donor_17	3Y	107	2
donor_17	3Y	107	2
donor_17	3Y	105	1
donor_17	3Y	109	2
donor_17	3Y	113	2
donor_17	3Y	114	2
donor_17	3Y	113	1
donor_17	3Y	111	1
donor_17	3Y	108	2
donor_17	3Y	108	1
donor_17	3Y	112	2
donor_17	3Y	108	1
donor_17	3Y	110	1
donor_17	3Y	109	2
donor_17	3Y	113	1
donor_17	3Y	112	1
donor_17	3Y	115	2
donor_17	3Y	112	1
donor_17	3Y	116	2
donor_17	3V	115	1
donor_17	3V	112	1
donor_17	3V	109	1
donor_17	3V	109	1
donor_17	3V	108	1
donor_17	3V	121	1
donor_17	3V	108	2
donor_17	3V	112	2
donor_17	3V	109	2
donor_17	3V	108	2
donor_17	3V	109	1
donor_17	3V	110	2
donor_17	3V	110	1
donor_17	3V	108	2
donor_17	3V	110	1
donor_17	3V	110	2
donor_17	3V	112	2
donor_17	3V	112	2
donor_17	3V	117	1
donor_17	3V	121	1
donor_17	3V	104	1
donor_17	3V	107	1
donor_17	3V	109	1
donor_17	3V	107	2
donor_17	3V	111	2
donor_17	3V	111	2
donor_17	3V	113	1
donor_17	3V	111	2
donor_17	3V	106	1
donor_17	3V	109	1
donor_17	3V	108	1
donor_17	3V	110	1
donor_17	3V	107	2
donor_17	3V	108	2
donor_17	3V	115	2
donor_17	3V	114	1
donor_17	3V	110	2
donor_17	3V	111	1
donor_17	3V	114	2
donor_17	3V	106	2
donor_17	3AG	113	2
donor_17	3AG	106	2
donor_17	3AG	105	1
donor_17	3AG	106	1
donor_17	3AG	110	1
donor_17	3AG	114	2
donor_17	3AG	118	1
donor_17	3AG	111	2
donor_17	3AG	107	1
donor_17	3AG	114	1
donor_17	3AG	107	1
donor_17	3AG	109	2
donor_17	3AG	110	2
donor_17	3AG	111	2
donor_17	3AG	106	2
donor_17	3AG	108	1
donor_17	3AG	107	2
donor_17	3AG	114	1
donor_17	3AG	110	2
donor_17	3AG	113	2
donor_17	3AG	113	2
donor_17	3AG	109	1
donor_17	3AG	109	1
donor_18	3D	117	1
donor_18	3D	115	1
donor_18	3D	112	2
donor_18	3D	117	2
donor_18	3D	113	2
donor_18	3D	117	2
donor_18	3D	120	1
donor_18	3D	122	1
donor_18	3D	116	1
donor_18	3D	117	2
donor_18	3D	113	2
donor_18	3D	114	1
donor_18	3D	109	1
donor_18	3D	120	2
donor_18	3D	116	2
donor_18	3D	117	2
donor_18	3D	116	1
donor_18	3D	110	2
donor_18	3D	111	2
donor_18	3D	109	1
donor_18	3D	118	2
donor_18	3D	118	2
donor_18	3D	116	2
donor_18	3D	118	1
donor_18	3R	116	2
donor_18	3R	113	1
donor_18	3R	115	1
donor_18	3R	117	2
donor_18	3R	116	2
donor_18	3R	112	1
donor_18	3R	116	2
donor_18	3R	114	2
donor_18	3R	117	1
donor_18	3R	117	2
donor_18	3R	113	1
donor_18	3R	116	2
donor_18	3R	115	2
donor_18	3R	116	1
donor_18	3R	112	1
donor_18	3R	119	2
donor_18	3R	116	2
donor_18	3R	120	1
donor_18	3R	117	2
donor_18	3R	115	2
donor_18	3R	114	1
donor_18	3R	113	2
donor_18	3R	118	2
donor_18	3R	117	2
donor_18	3R	116	1
donor_18	3R	118	2
donor_18	3R	118	2
donor_18	3R	114	2
donor_18	3R	108	1
donor_18	3R	115	1
donor_18	3R	116	1
donor_18	3F	119	1
donor_18	3F	119	1
donor_18	3F	120	1
donor_18	3F	118	2
donor_18	3F	118	1
donor_18	3F	113	2
donor_18	3F	116	2
donor_18	3F	123	2
donor_18	3F	115	1
donor_18	3F	119	2
donor_18	3F	111	1
donor_18	3F	115	2
donor_18	3F	117	2
donor_18	3F	120	2
donor_18	3F	118	2
donor_18	3F	120	1
donor_18	3F	120	2
donor_18	3F	112	2
donor_18	3F	118	1
donor_18	3F	122	1
donor_18	3F	121	1
donor_18	3F	115	2
donor_18	3F	116	1
donor_18	3F	118	1
donor_18	3AA	116	1
donor_18	3AA	118	1
donor_18	3AA	115	1
donor_18	3AA	121	1
donor_18	3AA	120	2
donor_18	3AA	115	1
donor_18	3AA	114	2
donor_18	3AA	116	1
donor_18	3AA	117	1
donor_18	3AA	116	2
donor_18	3AA	115	1
donor_18	3AA	121	2
donor_18	3AA	118	1
donor_18	3AA	115	2
donor_18	3AA	113	1
donor_18	3AA	119	1
donor_18	3AA	112	2
donor_18	3AA	115	2
donor_18	3AA	121	1
donor_18	3AA	120	1
donor_18	3AA	121	1
donor_18	3AN	118	1
donor_18	3AN	117	2
donor_18	3AN	113	1
donor_18	3AN	113	1
donor_18	3AN	117	1
donor_18	3AN	112	2
donor_18	3AN	119	2
donor_18	3AN	117	1
donor_18	3AN	111	2
donor_18	3AN	113	1
donor_18	3AN	117	2
donor_18	3AN	118	1
donor_18	3AN	115	2
donor_18	3AN	116	1
donor_18	3AN	115	2
donor_18	3AN	118	1
donor_18	3AN	118	2
donor_18	3AN	116	1
donor_18	3AN	120	2
donor_18	3AN	121	2
donor_18	3AN	119	2
donor_18	3AN	110	2
donor_18	3AN	111	1
donor_18	3AN	119	2
donor_18	3AN	118	1
donor_18	3AN	116	2
donor_18	3AN	110	2
donor_18	3AN	119	1
donor_18	3AN	116	2
donor_18	3AN	120	2
donor_18	3AN	121	2
donor_18	3AN	112	1
donor_18	3AN	120	1
donor_18	3AN	117	1
donor_18	3AN	116	2
donor_18	3G	126	2
donor_18	3G	123	2
donor_18	3G	108	1
donor_18	3G	119	1
donor_18	3G	114	2
donor_18	3G	120	2
donor_18	3G	119	2
donor_18	3G	115	2
donor_18	3G	118	1
donor_18	3G	119	2
donor_18	3G	122	2
donor_18	3G	115	2
donor_18	3G	123	1
donor_18	3G	117	1
donor_18	3G	123	2
donor_18	3G	121	1
donor_18	3G	122	1
donor_18	3G	119	2
donor_18	3G	119	2
donor_18	3G	119	1
donor_18	3G	111	2
donor_18	3G	116	2
donor_18	3G	111	1
donor_18	3G	117	1
donor_18	3G	120	2
donor_18	3G	116	1
donor_18	3G	116	1
donor_18	3G	112	1
donor_18	3C	117	2
donor_18	3C	116	1
donor_18	3C	119	1
donor_18	3C	119	2
donor_18	3C	114	2
donor_18	3C	118	2
donor_18	3C	113	1
donor_18	3C	116	1
donor_18	3C	120	2
donor_18	3C	112	2
donor_18	3C	110	2
donor_18	3C	116	2
donor_18	3C	117	2
donor_18	3C	110	1
donor_18	3C	121	2
donor_18	3C	120	2
donor_18	3C	120	2
donor_18	3C	117	1
donor_18	3C	118	2
donor_18	3C	115	2
donor_18	3C	116	1
donor_18	3C	112	2
donor_18	3C	119	2
donor_18	3C	118	1
donor_18	3C	114	1
donor_18	3C	118	1
donor_18	3C	117	1
donor_18	3C	118	2
donor_18	3C	118	2
donor_18	3C	118	1
donor_18	3C	118	1
donor_18	3C	119	1
donor_18	3Y	113	1
donor_18	3Y	115	1
donor_18	3Y	113	2
donor_18	3Y	121	2
donor_18	3Y	118	1
donor_18	3Y	114	1
donor_18	3Y	117	1
donor_18	3Y	115	1
donor_18	3Y	117	2
donor_18	3Y	118	1
donor_18	3Y	111	2
donor_18	3Y	116	2
donor_18	3Y	117	1
donor_18	3Y	116	1
donor_18	3Y	113	2
donor_18	3Y	117	2
donor_18	3Y	111	1
donor_18	3Y	119	1
donor_18	3Y	111	2
donor_18	3Y	121	1
donor_18	3Y	109	2
donor_18	3Y	108	2
donor_18	3Y	113	1
donor_18	3Y	119	2
donor_18	3Y	118	1
donor_18	3Y	116	2
donor_18	3Y	115	2
donor_18	3Y	119	2
donor_18	3Y	116	1
donor_18	3V	117	1
donor_18	3V	117	2
donor_18	3V	113	2
donor_18	3V	120	1
donor_18	3V	116	1
donor_18	3V	114	1
donor_18	3V	117	1
donor_18	3V	119	2
donor_18	3V	116	1
donor_18	3V	116	2
donor_18	3V	115	2
donor_18	3V	117	2
donor_18	3V	123	2
donor_18	3V	119	1
donor_18	3V	120	2
donor_18	3V	115	1
donor_18	3V	109	1
donor_18	3V	120	2
donor_18	3V	118	1
donor_18	3V	122	2
donor_18	3V	113	2
donor_18	3V	112	2
donor_18	3V	114	2
donor_18	3V	114	1
donor_18	3V	117	2
donor_18	3AG	111	2
donor_18	3AG	115	2
donor_18	3AG	113	1
donor_18	3AG	119	2
donor_18	3AG	120	2
donor_18	3AG	115	2
donor_18	3AG	117	1
donor_18	3AG	118	2
donor_18	3AG	110	1
donor_18	3AG	120	2
donor_18	3AG	120	1
donor_18	3AG	108	1
donor_18	3AG	120	1
donor_18	3AG	114	2
donor_18	3AG	118	2
donor_18	3AG	114	2
donor_18	3AG	111	1
donor_18	3AG	114	2
donor_18	3AG	116	1
donor_18	3AG	113	1
donor_18	3AG	121	2
donor_18	3AG	115	2
donor_18	3AG	116	1
donor_18	3AG	116	1
donor_18	3AG	116	2
donor_18	3AG	112	2
donor_18	3AG	114	2
donor_18	3AG	117	1
donor_18	3AG	117	2
donor_18	3AG	121	1
donor_18	3AG	114	2
donor_18	3AG	117	1
donor_18	3AG	114	2
donor_19	3D	96	2
donor_19	3D	99	1
donor_19	3D	94	2
donor_19	3D	105	2
donor_19	3D	100	2
donor_19	3D	96	2
donor_19	3D	100	1
donor_19	3D	92	2
donor_19	3D	96	2
donor_19	3D	95	2
donor_19	3D	93	1
donor_19	3D	103	1
donor_19	3D	95	1
donor_19	3D	104	2
donor_19	3D	99	1
donor_19	3D	94	2
donor_19	3D	96	1
donor_19	3D	99	2
donor_19	3D	95	2
donor_19	3D	97	2
donor_19	3D	95	2
donor_19	3D	98	1
donor_19	3D	101	1
donor_19	3D	102	1
donor_19	3R	93	1
donor_19	3R	101	2
donor_19	3R	96	2
donor_19	3R	96	1
donor_19	3R	104	2
donor_19	3R	97	2
donor_19	3R	94	1
donor_19	3R	91	2
donor_19	3R	98	2
donor_19	3R	92	1
donor_19	3R	101	2
donor_19	3R	95	2
donor_19	3R	99	2
donor_19	3R	100	2
donor_19	3R	95	1
donor_19	3R	95	2
donor_19	3R	97	2
donor_19	3R	95	1
donor_19	3R	97	2
donor_19	3R	98	1
donor_19	3R	97	2
donor_19	3R	100	1
donor_19	3F	101	2
donor_19	3F	93	1
donor_19	3F	100	2
donor_19	3F	95	1
donor_19	3F	92	1
donor_19	3F	99	1
donor_19	3F	101	2
donor_19	3F	96	2
donor_19	3F	100	1
donor_19	3F	98	1
donor_19	3F	96	2
donor_19	3F	97	2
donor_19	3F	98	1
donor_19	3F	94	2
donor_19	3F	90	2
donor_19	3F	92	2
donor_19	3F	97	2
donor_19	3F	96	2
donor_19	3F	96	1
donor_19	3F	95	1
donor_19	3F	95	1
donor_19	3F	98	2
donor_19	3F	102	1
donor_19	3F	95	1
donor_19	3F	92	1
donor_19	3F	100	2
donor_19	3F	95	1
donor_19	3F	94	1
donor_19	3F	99	1
donor_19	3F	99	1
donor_19	3F	96	1
donor_19	3AA	101	1
donor_19	3AA	94	2
donor_19	3AA	102	2
donor_19	3AA	96	1
donor_19	3AA	104	2
donor_19	3AA	103	1
donor_19	3AA	95	1
donor_19	3AA	98	1
donor_19	3AA	101	1
donor_19	3AA	91	1
donor_19	3AA	95	2
donor_19	3AA	102	1
donor_19	3AA	98	2
donor_19	3AA	102	1
donor_19	3AA	94	1
donor_19	3AA	98	2
donor_19	3AA	97	1
donor_19	3AA	98	2
donor_19	3AA	100	1
donor_19	3AA	95	1
donor_19	3AA	96	2
donor_19	3AA	96	1
donor_19	3AA	97	2
donor_19	3AN	97	2
donor_19	3AN	95	2
donor_19	3AN	98	2
donor_19	3AN	95	1
donor_19	3AN	100	1
donor_19	3AN	91	2
donor_19	3AN	98	1
donor_19	3AN	94	2
donor_19	3AN	99	2
donor_19	3AN	98	1
donor_19	3AN	97	1
donor_19	3AN	96	2
donor_19	3AN	94	1
donor_19	3AN	97	1
donor_19	3AN	92	2
donor_19	3AN	97	1
donor_19	3AN	98	2
donor_19	3AN	96	2
donor_19	3AN	95	1
donor_19	3AN	93	2
donor_19	3AN	97	1
donor_19	3AN	96	1
donor_19	3AN	99	1
donor_19	3AN	97	2
donor_19	3AN	103	1
donor_19	3AN	95	1
donor_19	3AN	96	1
donor_19	3AN	97	1
donor_19	3AN	93	1
donor_19	3AN	101	2
donor_19	3AN	96	1
donor_19	3AN	95	2
donor_19	3AN	97	1
donor_19	3AN	95	1
donor_19	3AN	100	2
donor_19	3AN	98	1
donor_19	3AN	98	2
donor_19	3G	97	2
donor_19	3G	97	2
donor_19	3G	99	2
donor_19	3G	100	1
donor_19	3G	97	2
donor_19	3G	93	2
donor_19	3G	97	1
donor_19	3G	96	1
donor_19	3G	91	2
donor_19	3G	102	2
donor_19	3G	99	1
donor_19	3G	98	1
donor_19	3G	98	2
donor_19	3G	98	2
donor_19	3G	94	1
donor_19	3G	91	2
donor_19	3G	98	2
donor_19	3G	97	2
donor_19	3G	92	1
donor_19	3G	101	2
donor_19	3G	97	1
donor_19	3G	102	1
donor_19	3G	99	1
donor_19	3G	87	2
donor_19	3G	95	1
donor_19	3G	92	2
donor_19	3G	100	2
donor_19	3G	93	2
donor_19	3G	90	1
donor_19	3C	95	1
donor_19	3C	100	2
donor_19	3C	96	1
donor_19	3C	94	1
donor_19	3C	96	1
donor_19	3C	98	1
donor_19	3C	101	1
donor_19	3C	96	1
donor_19	3C	95	2
donor_19	3C	96	1
donor_19	3C	101	2
donor_19	3C	107	1
donor_19	3C	103	2
donor_19	3C	95	2
donor_19	3C	97	2
donor_19	3C	96	2
donor_19	3C	92	2
donor_19	3C	102	2
donor_19	3C	100	1
donor_19	3C	94	2
donor_19	3C	95	1
donor_19	3C	97	1
donor_19	3C	107	1
donor_19	3C	98	1
donor_19	3C	94	1
donor_19	3C	101	2
donor_19	3C	105	2
donor_19	3C	102	2
donor_19	3C	93	2
donor_19	3C	95	2
donor_19	3C	100	1
donor_19	3C	97	2
donor_19	3Y	91	1
donor_19	3Y	95	2
donor_19	3Y	98	2
donor_19	3Y	100	1
donor_19	3Y	100	1
donor_19	3Y	96	1
donor_19	3Y	90	2
donor_19	3Y	97	2
donor_19	3Y	96	2
donor_19	3Y	100	1
donor_19	3Y	103	1
donor_19	3Y	96	1
donor_19	3Y	96	1
donor_19	3Y	98	1
donor_19	3Y	98	1
donor_19	3Y	92	2
donor_19	3Y	95	1
donor_19	3Y	102	1
donor_19	3Y	102	1
donor_19	3Y	97	1
donor_19	3Y	92	1
donor_19	3Y	97	1
donor_19	3V	96	2
donor_19	3V	95	1
donor_19	3V	92	1
donor_19	3V	92	1
donor_19	3V	96	2
donor_19	3V	101	1
donor_19	3V	97	2
donor_19	3V	99	1
donor_19	3V	102	1
donor_19	3V	93	1
donor_19	3V	97	2
donor_19	3V	100	2
donor_19	3V	101	2
donor_19	3V	98	2
donor_19	3V	96	1
donor_19	3V	94	1
donor_19	3V	95	1
donor_19	3V	94	2
donor_19	3V	103	2
donor_19	3V	97	2
donor_19	3V	98	2
donor_19	3V	97	2
donor_19	3V	96	1
donor_19	3V	94	1
donor_19	3V	97	1
donor_19	3V	100	1
donor_19	3V	94	2
donor_19	3V	101	2
donor_19	3V	95	1
donor_19	3V	95	2
donor_19	3V	91	2
donor_19	3V	91	2
donor_19	3V	97	2
donor_19	3V	96	1
donor_19	3V	99	1
donor_19	3V	96	2
donor_19	3V	97	1
donor_19	3V	94	2
donor_19	3AG	97	1
donor_19	3AG	95	2
donor_19	3AG	98	2
donor_19	3AG	90	2
donor_19	3AG	93	1
donor_19	3AG	98	1
donor_19	3AG	101	1
donor_19	3AG	93	1
donor_19	3AG	96	1
donor_19	3AG	101	2
donor_19	3AG	101	1
donor_19	3AG	92	1
donor_19	3AG	97	2
donor_19	3AG	99	2
donor_19	3AG	93	1
donor_19	3AG	98	1
donor_19	3AG	97	2
donor_19	3AG	97	1
donor_19	3AG	88	1
donor_19	3AG	92	1
donor_19	3AG	95	2
donor_19	3AG	99	1
donor_19	3AG	102	1
donor_19	3AG	97	2
donor_19	3AG	98	2
donor_19	3AG	94	2
donor_19	3AG	96	2
donor_19	3AG	97	2
donor_19	3AG	97	1
donor_19	3AG	92	2
donor_19	3AG	93	1
donor_19	3AG	98	1
donor_19	3AG	94	1
donor_20	3D	107	2
donor_20	3D	110	1
donor_20	3D	108	2
donor_20	3D	114	1
donor_20	3D	107	2
donor_20	3D	113	1
donor_20	3D	105	2
donor_20	3D	115	2
donor_20	3D	113	1
donor_20	3D	112	2
donor_20	3D	109	1
donor_20	3D	109	1
donor_20	3D	115	2
donor_20	3D	108	2
donor_20	3D	110	2
donor_20	3D	105	1
donor_20	3D	110	1
donor_20	3D	112	2
donor_20	3D	112	1
donor_20	3D	110	1
donor_20	3D	106	1
donor_20	3D	113	1
donor_20	3D	109	2
donor_20	3D	113	1
donor_20	3D	115	2
donor_20	3D	113	2
donor_20	3D	112	2
donor_20	3D	112	2
donor_20	3D	104	2
donor_20	3D	109	1
donor_20	3D	111	1
donor_20	3D	105	1
donor_20	3R	110	1
donor_20	3R	114	2
donor_20	3R	111	2
donor_20	3R	111	2
donor_20	3R	105	1
donor_20	3R	109	1
donor_20	3R	105	1
donor_20	3R	110	1
donor_20	3R	114	2
donor_20	3R	109	1
donor_20	3R	109	1
donor_20	3R	111	2
donor_20	3R	106	2
donor_20	3R	107	2
donor_20	3R	110	1
donor_20	3R	111	2
donor_20	3R	112	2
donor_20	3R	110	2
donor_20	3R	109	2
donor_20	3R	113	2
donor_20	3R	108	1
donor_20	3R	107	2
donor_20	3R	107	1
donor_20	3R	114	1
donor_20	3R	114	1
donor_20	3R	115	2
donor_20	3R	107	1
donor_20	3R	109	1
donor_20	3R	107	2
donor_20	3R	111	2
donor_20	3R	114	1
donor_20	3R	113	2
donor_20	3R	107	1
donor_20	3F	111	2
donor_20	3F	117	2
donor_20	3F	116	1
donor_20	3F	107	2
donor_20	3F	111	1
donor_20	3F	108	2
donor_20	3F	107	1
donor_20	3F	113	2
donor_20	3F	117	2
donor_20	3F	102	1
donor_20	3F	111	2
donor_20	3F	107	2
donor_20	3F	107	2
donor_20	3F	108	1
donor_20	3F	112	2
donor_20	3F	111	2
donor_20	3F	115	1
donor_20	3F	112	1
donor_20	3F	112	1
donor_20	3F	109	1
donor_20	3F	105	1
donor_20	3F	113	2
donor_20	3F	110	2
donor_20	3F	118	1
donor_20	3F	107	2
donor_20	3F	111	2
donor_20	3AA	109	2
donor_20	3AA	105	1
donor_20	3AA	110	2
donor_20	3AA	112	1
donor_20	3AA	113	2
donor_20	3AA	109	1
donor_20	3AA	112	2
donor_20	3AA	106	1
donor_20	3AA	109	1
donor_20	3AA	117	2
donor_20	3AA	112	2
donor_20	3AA	106	2
donor_20	3AA	107	2
donor_20	3AA	117	1
donor_20	3AA	114	1
donor_20	3AA	113	1
donor_20	3AA	113	1
donor_20	3AA	111	1
donor_20	3AA	113	1
donor_20	3AA	115	2
donor_20	3AA	117	1
donor_20	3AA	109	1
donor_20	3AA	109	1
donor_20	3AA	107	2
donor_20	3AA	109	1
donor_20	3AA	109	2
donor_20	3AA	111	1
donor_20	3AA	109	2
donor_20	3AA	113	1
donor_20	3AN	114	2
donor_20	3AN	115	1
donor_20	3AN	108	2
donor_20	3AN	114	2
donor_20	3AN	117	1
donor_20	3AN	108	1
donor_20	3AN	113	1
donor_20	3AN	112	2
donor_20	3AN	115	2
donor_20	3AN	116	2
donor_20	3AN	115	1
donor_20	3AN	117	1
donor_20	3AN	112	2
donor_20	3AN	108	2
donor_20	3AN	109	1
donor_20	3AN	109	1
donor_20	3AN	106	2
donor_20	3AN	111	2
donor_20	3AN	109	2
donor_20	3AN	112	1
donor_20	3AN	106	1
donor_20	3AN	116	1
donor_20	3AN	108	2
donor_20	3AN	108	2
donor_20	3AN	111	1
donor_20	3AN	108	2
donor_20	3AN	110	1
donor_20	3AN	109	2
donor_20	3AN	114	1
donor_20	3AN	107	2
donor_20	3G	115	2
donor_20	3G	117	1
donor_20	3G	112	1
donor_20	3G	110	1
donor_20	3G	108	1
donor_20	3G	113	2
donor_20	3G	108	1
donor_20	3G	110	2
donor_20	3G	109	1
donor_20	3G	108	1
donor_20	3G	113	1
donor_20	3G	116	1
donor_20	3G	115	2
donor_20	3G	113	1
donor_20	3G	111	1
donor_20	3G	116	2
donor_20	3G	103	2
donor_20	3G	112	2
donor_20	3G	112	1
donor_20	3G	109	1
donor_20	3G	116	2
donor_20	3G	105	2
donor_20	3G	109	2
donor_20	3G	109	2
donor_20	3G	111	2
donor_20	3G	101	2
donor_20	3G	109	2
donor_20	3C	110	1
donor_20	3C	110	1
donor_20	3C	102	1
donor_20	3C	110	1
donor_20	3C	113	2
donor_20	3C	108	1
donor_20	3C	106	1
donor_20	3C	110	1
donor_20	3C	115	1
donor_20	3C	115	2
donor_20	3C	116	1
donor_20	3C	106	2
donor_20	3C	110	1
donor_20	3C	113	2
donor_20	3C	109	2
donor_20	3C	111	2
donor_20	3C	108	1
donor_20	3C	112	1
donor_20	3C	110	2
donor_20	3C	113	1
donor_20	3C	107	2
donor_20	3C	115	1
donor_20	3C	114	2
donor_20	3C	109	2
donor_20	3C	112	2
donor_20	3C	108	2
donor_20	3C	108	1
donor_20	3C	107	2
donor_20	3C	110	1
donor_20	3C	111	2
donor_20	3C	111	2
donor_20	3Y	108	1
donor_20	3Y	110	1
donor_20	3Y	113	1
donor_20	3Y	112	1
donor_20	3Y	110	1
donor_20	3Y	109	2
donor_20	3Y	113	2
donor_20	3Y	109	1
donor_20	3Y	106	1
donor_20	3Y	107	2
donor_20	3Y	107	1
donor_20	3Y	118	2
donor_20	3Y	112	2
donor_20	3Y	103	2
donor_20	3Y	113	1
donor_20	3Y	109	1
donor_20	3Y	110	1
donor_20	3Y	111	1
donor_20	3Y	110	2
donor_20	3Y	105	2
donor_20	3Y	113	1
donor_20	3Y	111	1
donor_20	3Y	111	2
donor_20	3Y	113	1
donor_20	3Y	110	1
donor_20	3Y	110	2
donor_20	3Y	108	2
donor_20	3V	115	2
donor_20	3V	111	2
donor_20	3V	111	2
donor_20	3V	111	1
donor_20	3V	105	1
donor_20	3V	115	1
donor_20	3V	113	2
donor_20	3V	111	2
donor_20	3V	113	2
donor_20	3V	108	2
donor_20	3V	109	1
donor_20	3V	106	1
donor_20	3V	108	1
donor_20	3V	115	2
donor_20	3V	114	1
donor_20	3V	111	1
donor_20	3V	106	1
donor_20	3V	109	2
donor_20	3V	107	1
donor_20	3V	112	2
donor_20	3V	114	2
donor_20	3V	111	1
donor_20	3V	107	1
donor_20	3V	116	2
donor_20	3V	111	2
donor_20	3V	116	2
donor_20	3V	108	2
donor_20	3V	107	1
donor_20	3V	112	2
donor_20	3V	105	2
donor_20	3V	116	1
donor_20	3V	119	1
donor_20	3AG	110	2
donor_20	3AG	111	1
donor_20	3AG	110	1
donor_20	3AG	117	1
donor_20	3AG	113	2
donor_20	3AG	108	1
donor_20	3AG	106	2
donor_20	3AG	109	1
donor_20	3AG	106	1
donor_20	3AG	106	1
donor_20	3AG	109	1
donor_20	3AG	115	1
donor_20	3AG	110	2
donor_20	3AG	111	2
donor_20	3AG	109	1
donor_20	3AG	113	2
donor_20	3AG	118	2
donor_20	3AG	112	2
donor_20	3AG	114	1
donor_20	3AG	109	1
donor_20	3AG	105	2
donor_20	3AG	107	1
donor_20	3AG	109	2
donor_20	3AG	113	1
donor_20	3AG	111	2
donor_20	3AG	116	2
donor_20	3AG	112	1
donor_20	3AG	107	1
donor_20	3AG	105	2
donor_21	3D	105	1
donor_21	3D	107	2
donor_21	3D	108	1
donor_21	3D	103	2
donor_21	3D	110	2
donor_21	3D	104	1
donor_21	3D	105	2
donor_21	3D	108	1
donor_21	3D	102	2
donor_21	3D	107	2
donor_21	3D	107	2
donor_21	3D	106	1
donor_21	3D	106	1
donor_21	3D	110	1
donor_21	3D	105	2
donor_21	3D	103	1
donor_21	3D	105	1
donor_21	3D	107	1
donor_21	3D	110	1
donor_21	3D	103	2
donor_21	3D	104	1
donor_21	3D	105	2
donor_21	3D	105	2
donor_21	3D	106	1
donor_21	3D	103	2
donor_21	3R	105	1
donor_21	3R	103	2
donor_21	3R	107	2
donor_21	3R	107	1
donor_21	3R	104	2
donor_21	3R	103	1
donor_21	3R	108	2
donor_21	3R	105	2
donor_21	3R	103	2
donor_21	3R	110	2
donor_21	3R	102	1
donor_21	3R	101	1
donor_21	3R	108	1
donor_21	3R	108	2
donor_21	3R	106	2
donor_21	3R	103	1
donor_21	3R	108	2
donor_21	3R	112	1
donor_21	3R	109	1
donor_21	3R	103	2
donor_21	3R	101	2
donor_21	3R	105	2
donor_21	3R	104	2
donor_21	3R	107	1
donor_21	3R	103	2
donor_21	3R	108	1
donor_21	3R	100	1
donor_21	3R	109	2
donor_21	3R	109	2
donor_21	3R	112	1
donor_21	3R	109	2
donor_21	3R	105	2
donor_21	3F	111	1
donor_21	3F	108	1
donor_21	3F	106	2
donor_21	3F	105	1
donor_21	3F	105	1
donor_21	3F	106	2
donor_21	3F	106	2
donor_21	3F	109	1
donor_21	3F	111	2
donor_21	3F	110	1
donor_21	3F	108	1
donor_21	3F	106	1
donor_21	3F	99	2
donor_21	3F	107	1
donor_21	3F	102	2
donor_21	3F	107	2
donor_21	3F	103	2
donor_21	3F	102	1
donor_21	3F	107	2
donor_21	3F	105	2
donor_21	3F	108	2
donor_21	3F	103	1
donor_21	3F	109	2
donor_21	3F	108	2
donor_21	3F	104	2
donor_21	3F	104	1
donor_21	3AA	107	1
donor_21	3AA	107	2
donor_21	3AA	103	1
donor_21	3AA	111	2
donor_21	3AA	101	1
donor_21	3AA	109	1
donor_21	3AA	105	1
donor_21	3AA	107	1
donor_21	3AA	101	2
donor_21	3AA	104	2
donor_21	3AA	103	1
donor_21	3AA	104	2
donor_21	3AA	110	1
donor_21	3AA	104	2
donor_21	3AA	108	2
donor_21	3AA	106	1
donor_21	3AA	100	1
donor_21	3AA	108	1
donor_21	3AA	106	2
donor_21	3AA	103	2
donor_21	3AA	105	1
donor_21	3AA	106	1
donor_21	3AA	107	1
donor_21	3AA	106	2
donor_21	3AA	108	2
donor_21	3AA	108	2
donor_21	3AA	107	2
donor_21	3AA	105	2
donor_21	3AA	107	1
donor_21	3AA	105	1
donor_21	3AA	111	2
donor_21	3AA	98	1
donor_21	3AA	102	2
donor_21	3AA	104	1
donor_21	3AN	108	2
donor_21	3AN	100	2
donor_21	3AN	106	2
donor_21	3AN	107	2
donor_21	3AN	107	1
donor_21	3AN	105	2
donor_21	3AN	107	1
donor_21	3AN	112	2
donor_21	3AN	105	2
donor_21	3AN	112	1
donor_21	3AN	110	2
donor_21	3AN	105	1
donor_21	3AN	114	1
donor_21	3AN	108	1
donor_21	3AN	106	2
donor_21	3AN	108	1
donor_21	3AN	102	1
donor_21	3AN	107	2
donor_21	3AN	109	1
donor_21	3AN	103	1
donor_21	3AN	107	2
donor_21	3AN	108	1
donor_21	3AN	99	2
donor_21	3AN	107	2
donor_21	3AN	107	2
donor_21	3AN	105	2
donor_21	3AN	107	2
donor_21	3G	109	2
donor_21	3G	107	2
donor_21	3G	107	2
donor_21	3G	100	2
donor_21	3G	110	2
donor_21	3G	104	2
donor_21	3G	108	2
donor_21	3G	106	1
donor_21	3G	108	2
donor_21	3G	104	2
donor_21	3G	103	1
donor_21	3G	106	2
donor_21	3G	104	1
donor_21	3G	103	2
donor_21	3G	107	2
donor_21	3G	103	1
donor_21	3G	102	1
donor_21	3G	108	1
donor_21	3C	102	1
donor_21	3C	107	1
donor_21	3C	104	2
donor_21	3C	104	2
donor_21	3C	109	2
donor_21	3C	107	1
donor_21	3C	109	1
donor_21	3C	103	1
donor_21	3C	102	2
donor_21	3C	107	2
donor_21	3C	103	1
donor_21	3C	107	1
donor_21	3C	103	2
donor_21	3C	107	1
donor_21	3C	103	1
donor_21	3C	102	2
donor_21	3C	105	1
donor_21	3C	110	2
donor_21	3C	102	2
donor_21	3C	110	1
donor_21	3C	103	1
donor_21	3C	108	1
donor_21	3C	104	1
donor_21	3C	101	1
donor_21	3C	106	1
donor_21	3C	107	2
donor_21	3C	102	1
donor_21	3C	109	1
donor_21	3C	103	2
donor_21	3C	104	2
donor_21	3C	107	1
donor_21	3C	102	2
donor_21	3C	103	1
donor_21	3C	110	2
donor_21	3C	106	1
donor_21	3C	103	2
donor_21	3C	104	1
donor_21	3C	104	2
donor_21	3C	108	2
donor_21	3C	102	2
donor_21	3C	110	1
donor_21	3Y	103	2
donor_21	3Y	105	1
donor_21	3Y	105	2
donor_21	3Y	100	1
donor_21	3Y	100	1
donor_21	3Y	107	2
donor_21	3Y	107	2
donor_21	3Y	110	1
donor_21	3Y	110	2
donor_21	3Y	105	1
donor_21	3Y	105	2
donor_21	3Y	102	2
donor_21	3Y	107	1
donor_21	3Y	108	1
donor_21	3Y	107	1
donor_21	3Y	102	2
donor_21	3Y	108	1
donor_21	3Y	105	1
donor_21	3V	105	2
donor_21	3V	111	1
donor_21	3V	104	2
donor_21	3V	111	2
donor_21	3V	106	1
donor_21	3V	101	2
donor_21	3V	101	2
donor_21	3V	103	2
donor_21	3V	104	2
donor_21	3V	109	1
donor_21	3V	102	1
donor_21	3V	105	1
donor_21	3V	109	2
donor_21	3V	110	1
donor_21	3V	105	2
donor_21	3V	102	2
donor_21	3V	102	2
donor_21	3V	106	2
donor_21	3V	111	2
donor_21	3V	107	1
donor_21	3V	103	2
donor_21	3V	108	1
donor_21	3V	108	2
donor_21	3V	104	2
donor_21	3V	112	1
donor_21	3V	105	1
donor_21	3V	105	2
donor_21	3V	107	2
donor_21	3AG	112	1
donor_21	3AG	102	2
donor_21	3AG	105	2
donor_21	3AG	104	1
donor_21	3AG	106	1
donor_21	3AG	108	1
donor_21	3AG	112	2
donor_21	3AG	109	2
donor_21	3AG	108	2
donor_21	3AG	111	1
donor_21	3AG	109	2
donor_21	3AG	113	2
donor_21	3AG	108	2
donor_21	3AG	109	1
donor_21	3AG	109	2
donor_21	3AG	105	2
donor_21	3AG	109	1
donor_21	3AG	107	1
donor_21	3AG	104	1
donor_21	3AG	108	2
donor_21	3AG	105	1
donor_21	3AG	96	2
donor_21	3AG	108	2
donor_21	3AG	108	2
donor_21	3AG	107	1
donor_21	3AG	105	1
donor_21	3AG	99	1
donor_21	3AG	106	2
donor_21	3AG	108	1
donor_21	3AG	107	1
donor_21	3AG	107	2
donor_21	3AG	104	2
donor_21	3AG	106	2
donor_21	3AG	102	2
donor_22	3D	98	2
donor_22	3D	98	1
donor_22	3D	97	1
donor_22	3D	94	2
donor_22	3D	93	1
donor_22	3D	99	1
donor_22	3D	92	2
donor_22	3D	105	2
donor_22	3D	92	1
donor_22	3D	96	2
donor_22	3D	98	2
donor_22	3D	96	2
donor_22	3D	98	2
donor_22	3D	101	2
donor_22	3D	95	1
donor_22	3D	100	2
donor_22	3D	97	2
donor_22	3D	94	2
donor_22	3D	102	2
donor_22	3D	97	2
donor_22	3D	96	2
donor_22	3D	100	2
donor_22	3D	88	1
donor_22	3D	99	2
donor_22	3D	97	2
donor_22	3D	96	1
donor_22	3D	101	1
donor_22	3D	102	1
donor_22	3D	94	1
donor_22	3D	93	1
donor_22	3D	96	2
donor_22	3D	100	1
donor_22	3D	93	2
donor_22	3D	93	2
donor_22	3D	96	1
donor_22	3R	106	2
donor_22	3R	97	2
donor_22	3R	92	1
donor_22	3R	98	1
donor_22	3R	99	2
donor_22	3R	93	1
donor_22	3R	100	2
donor_22	3R	94	1
donor_22	3R	90	1
donor_22	3R	100	1
donor_22	3R	100	1
donor_22	3R	102	1
donor_22	3R	103	2
donor_22	3R	95	2
donor_22	3R	94	2
donor_22	3R	97	2
donor_22	3R	99	1
donor_22	3R	102	2
donor_22	3R	91	2
donor_22	3R	96	1
donor_22	3R	99	1
donor_22	3R	101	1
donor_22	3R	99	2
donor_22	3R	92	2
donor_22	3R	95	2
donor_22	3R	93	2
donor_22	3R	98	2
donor_22	3R	95	2
donor_22	3R	98	2
donor_22	3R	96	2
donor_22	3R	103	2
donor_22	3R	98	1
donor_22	3F	95	2
donor_22	3F	101	1
donor_22	3F	101	1
donor_22	3F	90	2
donor_22	3F	93	2
donor_22	3F	99	2
donor_22	3F	94	2
donor_22	3F	96	1
donor_22	3F	102	2
donor_22	3F	99	1
donor_22	3F	94	1
donor_22	3F	91	2
donor_22	3F	99	1
donor_22	3F	103	1
donor_22	3F	102	1
donor_22	3F	103	2
donor_22	3F	99	2
donor_22	3F	95	2
donor_22	3F	94	1
donor_22	3F	92	2
donor_22	3F	100	1
donor_22	3F	100	2
donor_22	3F	95	1
donor_22	3F	89	2
donor_22	3F	100	1
donor_22	3F	100	2
donor_22	3F	93	1
donor_22	3F	100	1
donor_22	3F	102	1
donor_22	3F	95	1
donor_22	3F	100	1
donor_22	3F	91	1
donor_22	3F	96	2
donor_22	3AA	88	1
donor_22	3AA	96	1
donor_22	3AA	100	1
donor_22	3AA	99	1
donor_22	3AA	100	2
donor_22	3AA	96	2
donor_22	3AA	95	2
donor_22	3AA	102	1
donor_22	3AA	94	1
donor_22	3AA	93	2
donor_22	3AA	92	2
donor_22	3AA	88	2
donor_22	3AA	107	1
donor_22	3AA	94	1
donor_22	3AA	101	2
donor_22	3AA	96	2
donor_22	3AA	99	1
donor_22	3AA	93	2
donor_22	3AA	97	1
donor_22	3AA	103	2
donor_22	3AA	96	2
donor_22	3AA	96	1
donor_22	3AA	104	1
donor_22	3AA	100	1
donor_22	3AA	97	1
donor_22	3AA	98	2
donor_22	3AN	98	2
donor_22	3AN	101	1
donor_22	3AN	104	2
donor_22	3AN	94	2
donor_22	3AN	99	2
donor_22	3AN	104	1
donor_22	3AN	98	2
donor_22	3AN	94	2
donor_22	3AN	96	2
donor_22	3AN	100	1
donor_22	3AN	97	2
donor_22	3AN	94	2
donor_22	3AN	102	1
donor_22	3AN	92	2
donor_22	3AN	93	1
donor_22	3AN	103	2
donor_22	3AN	100	1
donor_22	3AN	93	2
donor_22	3AN	99	1
donor_22	3AN	99	1
donor_22	3AN	99	2
donor_22	3AN	93	2
donor_22	3AN	98	2
donor_22	3AN	94	1
donor_22	3AN	97	1
donor_22	3AN	99	2
donor_22	3AN	95	2
donor_22	3AN	100	2
donor_22	3AN	98	1
donor_22	3AN	96	2
donor_22	3AN	95	2
donor_22	3AN	96	2
donor_22	3AN	97	2
donor_22	3AN	94	1
donor_22	3AN	94	1
donor_22	3AN	98	1
donor_22	3AN	100	2
donor_22	3AN	101	1
donor_22	3AN	94	2
donor_22	3G	100	2
donor_22	3G	99	2
donor_22	3G	98	1
donor_22	3G	99	2
donor_22	3G	94	2
donor_22	3G	93	1
donor_22	3G	104	2
donor_22	3G	95	1
donor_22	3G	100	2
donor_22	3G	98	1
donor_22	3G	96	1
donor_22	3G	93	1
donor_22	3G	97	1
donor_22	3G	96	1
donor_22	3G	102	2
donor_22	3G	102	1
donor_22	3G	99	1
donor_22	3G	99	2
donor_22	3G	97	2
donor_22	3G	98	2
donor_22	3C	101	2
donor_22	3C	98	1
donor_22	3C	98	2
donor_22	3C	90	2
donor_22	3C	102	1
donor_22	3C	98	1
donor_22	3C	97	1
donor_22	3C	96	1
donor_22	3C	94	2
donor_22	3C	93	1
donor_22	3C	97	1
donor_22	3C	97	2
donor_22	3C	98	2
donor_22	3C	95	2
donor_22	3C	97	2
donor_22	3C	98	2
donor_22	3C	102	2
donor_22	3C	95	2
donor_22	3C	91	2
donor_22	3C	96	1
donor_22	3C	99	1
donor_22	3C	98	2
donor_22	3C	90	2
donor_22	3C	94	2
donor_22	3C	99	1
donor_22	3C	91	2
donor_22	3C	95	1
donor_22	3C	101	1
donor_22	3C	99	2
donor_22	3C	93	1
donor_22	3C	101	2
donor_22	3C	98	1
donor_22	3C	100	2
donor_22	3C	97	1
donor_22	3C	92	2
donor_22	3C	98	2
donor_22	3C	95	1
donor_22	3C	101	2
donor_22	3C	98	2
donor_22	3C	92	2
donor_22	3Y	97	2
donor_22	3Y	98	2
donor_22	3Y	95	1
donor_22	3Y	99	2
donor_22	3Y	92	2
donor_22	3Y	96	2
donor_22	3Y	99	1
donor_22	3Y	93	2
donor_22	3Y	101	1
donor_22	3Y	99	2
donor_22	3Y	97	2
donor_22	3Y	100	2
donor_22	3Y	99	1
donor_22	3Y	100	1
donor_22	3Y	103	2
donor_22	3Y	95	2
donor_22	3Y	99	1
donor_22	3Y	93	2
donor_22	3Y	99	2
donor_22	3Y	96	2
donor_22	3Y	93	2
donor_22	3Y	100	1
donor_22	3Y	92	1
donor_22	3Y	98	1
donor_22	3Y	101	1
donor_22	3Y	94	1
donor_22	3Y	95	1
donor_22	3Y	95	2
donor_22	3Y	103	2
donor_22	3Y	102	2
donor_22	3Y	95	1
donor_22	3Y	99	2
donor_22	3Y	94	1
donor_22	3V	95	2
donor_22	3V	98	1
donor_22	3V	101	1
donor_22	3V	101	2
donor_22	3V	97	2
donor_22	3V	94	1
donor_22	3V	98	2
donor_22	3V	94	1
donor_22	3V	97	1
donor_22	3V	97	1
donor_22	3V	99	2
donor_22	3V	97	1
donor_22	3V	90	1
donor_22	3V	98	1
donor_22	3V	99	1
donor_22	3V	97	1
donor_22	3V	100	2
donor_22	3V	97	1
donor_22	3V	91	2
donor_22	3V	98	1
donor_22	3V	94	2
donor_22	3V	100	1
donor_22	3V	95	2
donor_22	3V	96	1
donor_22	3V	102	2
donor_22	3V	100	1
donor_22	3V	96	1
donor_22	3AG	99	1
donor_22	3AG	95	2
donor_22	3AG	96	2
donor_22	3AG	97	1
donor_22	3AG	100	1
donor_22	3AG	93	2
donor_22	3AG	101	1
donor_22	3AG	92	1
donor_22	3AG	93	1
donor_22	3AG	90	2
donor_22	3AG	95	2
donor_22	3AG	94	1
donor_22	3AG	101	2
donor_22	3AG	92	2
donor_22	3AG	96	1
donor_22	3AG	101	1
donor_22	3AG	97	2
donor_22	3AG	91	1
donor_22	3AG	93	2
donor_22	3AG	97	2
donor_22	3AG	94	1
donor_22	3AG	99	2
donor_22	3AG	99	2
donor_22	3AG	99	1
donor_22	3AG	100	1
donor_22	3AG	92	2
donor_22	3AG	98	2
donor_22	3AG	102	1
donor_23	3D	110	2
donor_23	3D	109	2
donor_23	3D	110	1
donor_23	3D	115	1
donor_23	3D	114	2
donor_23	3D	105	1
donor_23	3D	113	2
donor_23	3D	108	2
donor_23	3D	108	1
donor_23	3D	107	2
donor_23	3D	152	1
donor_23	3D	154	2
donor_23	3D	113	1
donor_23	3D	106	1
donor_23	3D	107	1
donor_23	3D	108	1
donor_23	3D	117	1
donor_23	3D	108	1
donor_23	3D	113	1
donor_23	3D	172	1
donor_23	3D	109	1
donor_23	3D	110	2
donor_23	3D	110	1
donor_23	3D	179	1
donor_23	3D	117	1
donor_23	3D	109	1
donor_23	3D	185	2
donor_23	3D	105	1
donor_23	3D	109	2
donor_23	3D	105	1
donor_23	3R	104	1
donor_23	3R	113	1
donor_23	3R	112	2
donor_23	3R	107	1
donor_23	3R	113	2
donor_23	3R	112	1
donor_23	3R	114	2
donor_23	3R	112	1
donor_23	3R	109	1
donor_23	3R	113	2
donor_23	3R	113	2
donor_23	3R	106	2
donor_23	3R	110	1
donor_23	3R	113	1
donor_23	3R	114	1
donor_23	3R	107	2
donor_23	3R	107	1
donor_23	3R	109	2
donor_23	3R	109	1
donor_23	3R	112	1
donor_23	3R	109	2
donor_23	3R	110	1
donor_23	3R	112	2
donor_23	3R	106	1
donor_23	3R	111	2
donor_23	3R	109	2
donor_23	3R	107	1
donor_23	3R	111	2
donor_23	3R	115	2
donor_23	3R	115	2
donor_23	3R	106	2
donor_23	3R	111	1
donor_23	3F	104	2
donor_23	3F	109	2
donor_23	3F	110	1
donor_23	3F	109	1
donor_23	3F	105	1
donor_23	3F	110	1
donor_23	3F	108	2
donor_23	3F	103	1
donor_23	3F	101	2
donor_23	3F	108	1
donor_23	3F	108	2
donor_23	3F	111	2
donor_23	3F	114	1
donor_23	3F	105	2
donor_23	3F	116	2
donor_23	3F	109	1
donor_23	3F	110	1
donor_23	3F	112	1
donor_23	3F	109	2
donor_23	3F	115	2
donor_23	3F	112	2
donor_23	3F	106	2
donor_23	3F	106	1
donor_23	3F	111	2
donor_23	3F	107	1
donor_23	3F	112	1
donor_23	3F	110	2
donor_23	3AA	109	1
donor_23	3AA	111	2
donor_23	3AA	111	1
donor_23	3AA	113	2
donor_23	3AA	109	2
donor_23	3AA	112	1
donor_23	3AA	107	1
donor_23	3AA	113	2
donor_23	3AA	109	2
donor_23	3AA	110	1
donor_23	3AA	112	2
donor_23	3AA	115	2
donor_23	3AA	109	2
donor_23	3AA	108	2
donor_23	3AA	102	2
donor_23	3AA	107	2
donor_23	3AA	109	2
donor_23	3AA	110	2
donor_23	3AA	112	1
donor_23	3AA	110	2
donor_23	3AA	105	2
donor_23	3AA	107	1
donor_23	3AA	110	1
donor_23	3AA	112	2
donor_23	3AA	107	1
donor_23	3AA	107	1
donor_23	3AA	113	1
donor_23	3AA	113	2
donor_23	3AA	115	2
donor_23	3AN	113	2
donor_23	3AN	112	1
donor_23	3AN	102	2
donor_23	3AN	108	2
donor_23	3AN	112	2
donor_23	3AN	110	1
donor_23	3AN	114	2
donor_23	3AN	112	2
donor_23	3AN	109	2
donor_23	3AN	103	1
donor_23	3AN	114	1
donor_23	3AN	106	1
donor_23	3AN	110	1
donor_23	3AN	109	1
donor_23	3AN	109	1
donor_23	3AN	113	2
donor_23	3AN	110	1
donor_23	3AN	107	1
donor_23	3AN	110	2
donor_23	3AN	109	2
donor_23	3AN	110	1
donor_23	3AN	116	2
donor_23	3AN	113	2
donor_23	3AN	112	1
donor_23	3AN	110	2
donor_23	3AN	111	2
donor_23	3AN	108	2
donor_23	3AN	105	2
donor_23	3AN	112	1
donor_23	3AN	109	1
donor_23	3AN	110	1
donor_23	3AN	111	1
donor_23	3G	109	1
donor_23	3G	113	1
donor_23	3G	113	2
donor_23	3G	113	1
donor_23	3G	115	2
donor_23	3G	111	1
donor_23	3G	106	1
donor_23	3G	110	1
donor_23	3G	114	1
donor_23	3G	111	2
donor_23	3G	111	2
donor_23	3G	106	1
donor_23	3G	115	1
donor_23	3G	109	2
donor_23	3G	113	1
donor_23	3G	102	1
donor_23	3G	107	1
donor_23	3G	115	2
donor_23	3G	107	2
donor_23	3G	114	1
donor_23	3G	111	2
donor_23	3G	110	1
donor_23	3G	113	2
donor_23	3G	111	2
donor_23	3G	103	2
donor_23	3G	111	2
donor_23	3G	116	2
donor_23	3C	111	1
donor_23	3C	108	1
donor_23	3C	110	1
donor_23	3C	106	1
donor_23	3C	105	1
donor_23	3C	111	2
donor_23	3C	116	1
donor_23	3C	114	1
donor_23	3C	112	1
donor_23	3C	116	1
donor_23	3C	112	1
donor_23	3C	114	2
donor_23	3C	110	2
donor_23	3C	107	1
donor_23	3C	106	2
donor_23	3C	110	1
donor_23	3C	114	1
donor_23	3C	106	2
donor_23	3C	108	1
donor_23	3C	117	2
donor_23	3C	112	1
donor_23	3C	114	2
donor_23	3C	110	1
donor_23	3C	105	2
donor_23	3C	107	2
donor_23	3C	108	2
donor_23	3C	110	1
donor_23	3C	116	1
donor_23	3C	117	2
donor_23	3C	106	1
donor_23	3C	111	2
donor_23	3C	111	2
donor_23	3C	107	2
donor_23	3C	107	2
donor_23	3C	107	1
donor_23	3C	109	1
donor_23	3Y	109	1
donor_23	3Y	111	2
donor_23	3Y	113	1
donor_23	3Y	109	2
donor_23	3Y	116	1
donor_23	3Y	109	1
donor_23	3Y	108	1
donor_23	3Y	112	1
donor_23	3Y	110	2
donor_23	3Y	109	1
donor_23	3Y	113	1
donor_23	3Y	108	1
donor_23	3Y	106	2
donor_23	3Y	105	1
donor_23	3Y	110	1
donor_23	3Y	110	2
donor_23	3Y	110	1
donor_23	3Y	116	1
donor_23	3Y	115	2
donor_23	3Y	115	1
donor_23	3Y	111	2
donor_23	3Y	102	1
donor_23	3Y	114	2
donor_23	3Y	105	1
donor_23	3Y	106	2
donor_23	3V	110	1
donor_23	3V	112	2
donor_23	3V	109	1
donor_23	3V	111	1
donor_23	3V	116	2
donor_23	3V	108	2
donor_23	3V	114	1
donor_23	3V	106	1
donor_23	3V	114	2
donor_23	3V	111	1
donor_23	3V	110	1
donor_23	3V	110	2
donor_23	3V	112	2
donor_23	3V	110	2
donor_23	3V	110	1
donor_23	3V	110	2
donor_23	3V	104	2
donor_23	3V	105	2
donor_23	3V	113	1
donor_23	3V	116	2
donor_23	3V	113	1
donor_23	3V	104	1
donor_23	3V	109	2
donor_23	3V	111	2
donor_23	3V	111	2
donor_23	3V	108	2
donor_23	3V	113	2
donor_23	3V	113	1
donor_23	3V	111	1
donor_23	3V	114	2
donor_23	3AG	105	1
donor_23	3AG	111	1
donor_23	3AG	113	2
donor_23	3AG	110	1
donor_23	3AG	108	1
donor_23	3AG	109	1
donor_23	3AG	107	2
donor_23	3AG	113	1
donor_23	3AG	107	2
donor_23	3AG	113	1
donor_23	3AG	111	1
donor_23	3AG	114	1
donor_23	3AG	100	2
donor_23	3AG	110	1
donor_23	3AG	108	1
donor_23	3AG	104	1
donor_23	3AG	109	1
donor_23	3AG	106	2
donor_23	3AG	111	1
donor_23	3AG	110	2
donor_23	3AG	115	2
donor_23	3AG	113	2
donor_23	3AG	111	1
donor_23	3AG	112	1
donor_23	3AG	112	1
donor_23	3AG	109	1
donor_23	3AG	108	1
donor_23	3AG	112	1
donor_23	3AG	109	2
donor_23	3AG	113	2
donor_23	3AG	114	1
donor_24	3D	91	1
donor_24	3D	89	1
donor_24	3D	95	1
donor_24	3D	94	1
donor_24	3D	98	2
donor_24	3D	87	1
donor_24	3D	99	2
donor_24	3D	103	2
donor_24	3D	92	1
donor_24	3D	95	1
donor_24	3D	96	1
donor_24	3D	90	2
donor_24	3D	95	1
donor_24	3D	96	2
donor_24	3D	95	1
donor_24	3D	92	2
donor_24	3D	91	1
donor_24	3D	96	1
donor_24	3D	92	1
donor_24	3D	89	2
donor_24	3D	91	2
donor_24	3D	93	1
donor_24	3D	93	1
donor_24	3D	97	2
donor_24	3R	97	1
donor_24	3R	94	2
donor_24	3R	96	1
donor_24	3R	93	2
donor_24	3R	96	2
donor_24	3R	96	2
donor_24	3R	93	1
donor_24	3R	90	1
donor_24	3R	95	1
donor_24	3R	97	1
donor_24	3R	92	2
donor_24	3R	99	2
donor_24	3R	93	2
donor_24	3R	96	1
donor_24	3R	91	1
donor_24	3R	97	2
donor_24	3R	91	2
donor_24	3R	91	2
donor_24	3R	97	2
donor_24	3R	93	1
donor_24	3R	93	1
donor_24	3R	95	1
donor_24	3R	99	2
donor_24	3R	97	1
donor_24	3R	95	1
donor_24	3R	90	2
donor_24	3R	96	1
donor_24	3R	96	2
donor_24	3R	93	1
donor_24	3R	96	1
donor_24	3R	94	2
donor_24	3R	93	1
donor_24	3R	102	2
donor_24	3R	91	1
donor_24	3F	101	2
donor_24	3F	89	1
donor_24	3F	96	2
donor_24	3F	99	2
donor_24	3F	89	1
donor_24	3F	100	2
donor_24	3F	88	1
donor_24	3F	97	2
donor_24	3F	99	1
donor_24	3F	92	1
donor_24	3F	96	2
donor_24	3F	94	1
donor_24	3F	91	2
donor_24	3F	99	1
donor_24	3F	96	1
donor_24	3F	97	2
donor_24	3F	92	1
donor_24	3F	99	2
donor_24	3F	89	1
donor_24	3F	89	2
donor_24	3F	97	2
donor_24	3F	93	1
donor_24	3F	97	1
donor_24	3F	90	2
donor_24	3F	94	1
donor_24	3F	92	2
donor_24	3F	97	2
donor_24	3F	95	2
donor_24	3F	95	1
donor_24	3F	94	1
donor_24	3F	95	2
donor_24	3F	98	1
donor_24	3AA	97	1
donor_24	3AA	100	1
donor_24	3AA	101	1
donor_24	3AA	90	2
donor_24	3AA	87	1
donor_24	3AA	92	2
donor_24	3AA	90	2
donor_24	3AA	96	2
donor_24	3AA	97	2
donor_24	3AA	93	1
donor_24	3AA	93	2
donor_24	3AA	96	2
donor_24	3AA	97	2
donor_24	3AA	97	1
donor_24	3AA	99	2
donor_24	3AA	96	1
donor_24	3AA	90	1
donor_24	3AA	97	2
donor_24	3AA	93	2
donor_24	3AA	96	1
donor_24	3AA	96	1
donor_24	3AA	92	1
donor_24	3AA	92	1
donor_24	3AA	101	1
donor_24	3AA	95	1
donor_24	3AA	89	1
donor_24	3AA	96	2
donor_24	3AA	91	1
donor_24	3AA	89	2
donor_24	3AA	90	1
donor_24	3AA	96	2
donor_24	3AA	97	2
donor_24	3AA	97	2
donor_24	3AA	102	2
donor_24	3AN	94	2
donor_24	3AN	88	2
donor_24	3AN	98	1
donor_24	3AN	98	2
donor_24	3AN	100	1
donor_24	3AN	95	2
donor_24	3AN	95	1
donor_24	3AN	95	2
donor_24	3AN	94	1
donor_24	3AN	90	1
donor_24	3AN	92	2
donor_24	3AN	94	2
donor_24	3AN	93	1
donor_24	3AN	92	2
donor_24	3AN	98	2
donor_24	3AN	95	2
donor_24	3AN	96	2
donor_24	3AN	94	2
donor_24	3AN	87	2
donor_24	3AN	97	1
donor_24	3AN	96	2
donor_24	3AN	94	2
donor_24	3AN	96	1
donor_24	3AN	103	2
donor_24	3AN	91	2
donor_24	3AN	93	1
donor_24	3AN	101	1
donor_24	3AN	94	1
donor_24	3AN	89	1
donor_24	3AN	97	1
donor_24	3AN	95	1
donor_24	3AN	97	1
donor_24	3G	103	1
donor_24	3G	99	1
donor_24	3G	94	2
donor_24	3G	101	2
donor_24	3G	103	2
donor_24	3G	100	1
donor_24	3G	92	1
donor_24	3G	94	1
donor_24	3G	97	1
donor_24	3G	89	1
donor_24	3G	93	1
donor_24	3G	97	1
donor_24	3G	97	2
donor_24	3G	95	2
donor_24	3G	93	2
donor_24	3G	94	2
donor_24	3G	91	2
donor_24	3G	98	1
donor_24	3G	98	1
donor_24	3G	94	1
donor_24	3G	97	2
donor_24	3G	94	1
donor_24	3G	92	1
donor_24	3G	99	2
donor_24	3G	97	2
donor_24	3G	96	2
donor_24	3G	93	2
donor_24	3G	102	1
donor_24	3G	94	2
donor_24	3G	95	1
donor_24	3C	94	2
donor_24	3C	95	2
donor_24	3C	96	2
donor_24	3C	93	2
donor_24	3C	99	2
donor_24	3C	97	2
donor_24	3C	93	1
donor_24	3C	97	2
donor_24	3C	102	1
donor_24	3C	100	2
donor_24	3C	100	2
donor_24	3C	91	2
donor_24	3C	97	1
donor_24	3C	96	2
donor_24	3C	95	1
donor_24	3C	87	1
donor_24	3C	97	1
donor_24	3C	96	1
donor_24	3C	102	2
donor_24	3C	93	2
donor_24	3C	98	2
donor_24	3C	86	2
donor_24	3C	92	1
donor_24	3C	99	2
donor_24	3C	95	2
donor_24	3C	95	1
donor_24	3C	88	1
donor_24	3Y	93	2
donor_24	3Y	94	2
donor_24	3Y	94	2
donor_24	3Y	97	2
donor_24	3Y	88	2
donor_24	3Y	98	2
donor_24	3Y	94	2
donor_24	3Y	93	2
donor_24	3Y	94	2
donor_24	3Y	103	1
donor_24	3Y	88	1
donor_24	3Y	98	2
donor_24	3Y	96	1
donor_24	3Y	100	1
donor_24	3Y	95	1
donor_24	3Y	93	2
donor_24	3Y	92	2
donor_24	3Y	93	1
donor_24	3Y	94	1
donor_24	3Y	96	1
donor_24	3Y	91	1
donor_24	3Y	93	1
donor_24	3Y	91	1
donor_24	3Y	93	1
donor_24	3Y	93	1
donor_24	3Y	94	1
donor_24	3V	95	1
donor_24	3V	96	1
donor_24	3V	96	2
donor_24	3V	93	1
donor_24	3V	95	2
donor_24	3V	99	2
donor_24	3V	98	1
donor_24	3V	103	2
donor_24	3V	97	1
donor_24	3V	93	1
donor_24	3V	97	2
donor_24	3V	99	1
donor_24	3V	98	1
donor_24	3V	95	1
donor_24	3V	97	2
donor_24	3V	99	2
donor_24	3V	95	2
donor_24	3V	96	2
donor_24	3V	96	2
donor_24	3V	95	1
donor_24	3V	104	2
donor_24	3V	97	2
donor_24	3V	98	1
donor_24	3V	99	2
donor_24	3V	97	1
donor_24	3V	96	2
donor_24	3V	100	2
donor_24	3V	95	2
donor_24	3V	87	2
donor_24	3AG	95	2
donor_24	3AG	96	1
donor_24	3AG	100	1
donor_24	3AG	92	1
donor_24	3AG	97	2
donor_24	3AG	97	1
donor_24	3AG	89	1
donor_24	3AG	100	2
donor_24	3AG	95	2
donor_24	3AG	101	2
donor_24	3AG	90	1
donor_24	3AG	95	1
donor_24	3AG	96	2
donor_24	3AG	92	1
donor_24	3AG	92	2
donor_24	3AG	99	1
donor_24	3AG	89	1
donor_24	3AG	94	2
donor_24	3AG	95	2
donor_24	3AG	94	2
donor_24	3AG	98	1
donor_24	3AG	95	2
donor_24	3AG	94	1
donor_24	3AG	90	2
donor_25	3D	79	2
donor_25	3D	79	1
donor_25	3D	77	2
donor_25	3D	86	2
donor_25	3D	76	2
donor_25	3D	85	2
donor_25	3D	78	1
donor_25	3D	76	1
donor_25	3D	77	1
donor_25	3D	85	2
donor_25	3D	73	2
donor_25	3D	84	2
donor_25	3D	80	2
donor_25	3D	76	1
donor_25	3D	77	2
donor_25	3D	79	2
donor_25	3D	78	1
donor_25	3D	80	2
donor_25	3D	86	2
donor_25	3D	80	1
donor_25	3D	75	2
donor_25	3D	83	2
donor_25	3D	75	2
donor_25	3D	82	2
donor_25	3D	77	2
donor_25	3D	84	1
donor_25	3D	82	2
donor_25	3D	80	2
donor_25	3D	84	2
donor_25	3D	81	1
donor_25	3D	84	1
donor_25	3D	77	2
donor_25	3D	81	1
donor_25	3D	75	2
donor_25	3R	76	1
donor_25	3R	80	2
donor_25	3R	79	1
donor_25	3R	79	2
donor_25	3R	82	1
donor_25	3R	78	1
donor_25	3R	86	2
donor_25	3R	74	1
donor_25	3R	78	2
donor_25	3R	86	1
donor_25	3R	85	1
donor_25	3R	78	1
donor_25	3R	79	2
donor_25	3R	80	2
donor_25	3R	83	2
donor_25	3R	85	2
donor_25	3R	80	2
donor_25	3R	84	1
donor_25	3R	77	2
donor_25	3R	86	1
donor_25	3R	73	2
donor_25	3R	82	1
donor_25	3R	77	1
donor_25	3F	79	1
donor_25	3F	80	1
donor_25	3F	79	2
donor_25	3F	79	2
donor_25	3F	85	1
donor_25	3F	81	1
donor_25	3F	75	1
donor_25	3F	82	1
donor_25	3F	78	2
donor_25	3F	79	2
donor_25	3F	83	2
donor_25	3F	84	2
donor_25	3F	75	2
donor_25	3F	80	2
donor_25	3F	81	1
donor_25	3F	78	1
donor_25	3F	78	1
donor_25	3F	79	2
donor_25	3F	84	2
donor_25	3F	80	2
donor_25	3F	82	1
donor_25	3F	77	1
donor_25	3F	84	2
donor_25	3F	80	2
donor_25	3F	79	2
donor_25	3F	76	1
donor_25	3F	81	2
donor_25	3F	76	2
donor_25	3F	81	1
donor_25	3F	77	1
donor_25	3F	76	2
donor_25	3AA	76	2
donor_25	3AA	83	2
donor_25	3AA	83	2
donor_25	3AA	82	2
donor_25	3AA	79	2
donor_25	3AA	75	2
donor_25	3AA	80	1
donor_25	3AA	79	1
donor_25	3AA	80	1
donor_25	3AA	83	2
donor_25	3AA	76	2
donor_25	3AA	80	2
donor_25	3AA	78	1
donor_25	3AA	82	2
donor_25	3AA	85	2
donor_25	3AA	78	2
donor_25	3AA	82	1
donor_25	3AA	87	1
donor_25	3AA	81	2
donor_25	3AA	85	1
donor_25	3AA	74	1
donor_25	3AA	78	2
donor_25	3AA	83	2
donor_25	3AA	78	1
donor_25	3AA	74	1
donor_25	3AA	80	1
donor_25	3AA	88	2
donor_25	3AA	83	2
donor_25	3AA	84	1
donor_25	3AA	85	2
donor_25	3AN	77	2
donor_25	3AN	78	2
donor_25	3AN	77	2
donor_25	3AN	79	2
donor_25	3AN	76	1
donor_25	3AN	76	2
donor_25	3AN	85	1
donor_25	3AN	78	2
donor_25	3AN	78	2
donor_25	3AN	85	1
donor_25	3AN	83	2
donor_25	3AN	81	2
donor_25	3AN	79	1
donor_25	3AN	77	2
donor_25	3AN	85	1
donor_25	3AN	83	1
donor_25	3AN	79	2
donor_25	3AN	79	1
donor_25	3AN	82	1
donor_25	3AN	83	2
donor_25	3AN	78	2
donor_25	3AN	81	2
donor_25	3AN	82	2
donor_25	3AN	79	1
donor_25	3AN	78	2
donor_25	3AN	77	2
donor_25	3AN	74	1
donor_25	3AN	81	2
donor_25	3AN	85	2
donor_25	3AN	76	2
donor_25	3AN	74	2
donor_25	3AN	74	2
donor_25	3AN	79	1
donor_25	3AN	75	1
donor_25	3AN	76	1
donor_25	3AN	79	2
donor_25	3AN	73	1
donor_25	3AN	79	1
donor_25	3AN	79	1
donor_25	3G	83	2
donor_25	3G	78	1
donor_25	3G	84	1
donor_25	3G	78	1
donor_25	3G	75	1
donor_25	3G	84	1
donor_25	3G	75	1
donor_25	3G	81	2
donor_25	3G	86	2
donor_25	3G	74	1
donor_25	3G	84	1
donor_25	3G	81	2
donor_25	3G	83	2
donor_25	3G	76	2
donor_25	3G	80	2
donor_25	3G	79	2
donor_25	3G	73	2
donor_25	3G	75	1
donor_25	3G	79	1
donor_25	3G	81	1
donor_25	3G	84	2
donor_25	3G	83	2
donor_25	3G	79	2
donor_25	3G	78	1
donor_25	3G	86	1
donor_25	3C	80	2
donor_25	3C	89	2
donor_25	3C	79	1
donor_25	3C	80	2
donor_25	3C	80	2
donor_25	3C	83	1
donor_25	3C	82	1
donor_25	3C	81	2
donor_25	3C	74	1
donor_25	3C	82	2
donor_25	3C	86	2
donor_25	3C	82	2
donor_25	3C	80	1
donor_25	3C	78	2
donor_25	3C	83	2
donor_25	3C	77	2
donor_25	3C	78	1
donor_25	3C	83	2
donor_25	3C	75	2
donor_25	3C	79	2
donor_25	3C	79	1
donor_25	3C	81	1
donor_25	3C	78	1
donor_25	3C	81	1
donor_25	3C	83	1
donor_25	3C	83	1
donor_25	3C	80	2
donor_25	3C	76	2
donor_25	3C	80	2
donor_25	3C	79	1
donor_25	3Y	82	2
donor_25	3Y	72	2
donor_25	3Y	83	1
donor_25	3Y	83	2
donor_25	3Y	82	1
donor_25	3Y	78	2
donor_25	3Y	77	2
donor_25	3Y	76	1
donor_25	3Y	77	1
donor_25	3Y	78	1
donor_25	3Y	79	2
donor_25	3Y	77	2
donor_25	3Y	79	1
donor_25	3Y	78	1
donor_25	3Y	85	1
donor_25	3Y	80	1
donor_25	3Y	79	1
donor_25	3Y	84	1
donor_25	3Y	82	1
donor_25	3Y	83	2
donor_25	3Y	83	1
donor_25	3Y	89	1
donor_25	3Y	79	2
donor_25	3Y	78	2
donor_25	3Y	82	2
donor_25	3Y	76	2
donor_25	3Y	74	2
donor_25	3Y	81	1
donor_25	3Y	82	1
donor_25	3Y	75	2
donor_25	3Y	86	2
donor_25	3Y	85	1
donor_25	3Y	83	1
donor_25	3Y	86	1
donor_25	3Y	79	2
donor_25	3V	76	2
donor_25	3V	82	1
donor_25	3V	81	2
donor_25	3V	84	1
donor_25	3V	78	2
donor_25	3V	78	2
donor_25	3V	78	2
donor_25	3V	84	2
donor_25	3V	76	1
donor_25	3V	87	2
donor_25	3V	79	2
donor_25	3V	83	2
donor_25	3V	82	1
donor_25	3V	81	2
donor_25	3V	82	1
donor_25	3V	77	2
donor_25	3V	87	2
donor_25	3V	85	1
donor_25	3V	81	1
donor_25	3V	74	2
donor_25	3V	84	1
donor_25	3AG	84	2
donor_25	3AG	80	2
donor_25	3AG	79	1
donor_25	3AG	74	2
donor_25	3AG	80	1
donor_25	3AG	77	1
donor_25	3AG	75	2
donor_25	3AG	78	1
donor_25	3AG	82	2
donor_25	3AG	85	2
donor_25	3AG	76	1
donor_25	3AG	77	2
donor_25	3AG	78	1
donor_25	3AG	83	1
donor_25	3AG	80	1
donor_25	3AG	79	1
donor_25	3AG	80	1
donor_25	3AG	79	2
donor_25	3AG	78	1
donor_25	3AG	74	1
donor_25	3AG	83	2
donor_25	3AG	83	1
donor_25	3AG	83	1
donor_25	3AG	78	1
donor_25	3AG	81	1
donor_25	3AG	78	1
donor_25	3AG	77	2
donor_25	3AG	82	2
donor_25	3AG	78	1
donor_25	3AG	79	1
donor_25	3AG	79	2
donor_25	3AG	76	1
